time,open,close
2005/1/4,1260.78,1242.77
2005/1/5,1241.68,1251.94
2005/1/6,1252.49,1239.43
2005/1/7,1239.32,1244.75
2005/1/10,1243.58,1252.4
2005/1/11,1252.71,1257.46
2005/1/12,1257.17,1256.92
2005/1/13,1255.72,1256.31
2005/1/14,1255.87,1245.62
2005/1/17,1235.57,1216.65
2005/1/18,1215.78,1225.45
2005/1/19,1225.08,1218.11
2005/1/20,1213.37,1204.39
2005/1/21,1201.93,1234.48
2005/1/24,1258.02,1255.78
2005/1/25,1252.35,1254.23
2005/1/26,1252.37,1241.96
2005/1/27,1239.58,1225.89
2005/1/28,1223.73,1213.67
2005/1/31,1210.76,1191.82
2005/2/1,1189.5,1188.93
2005/2/2,1189.5,1252.5
2005/2/3,1253.81,1242.31
2005/2/4,1238.61,1269
2005/2/16,1276.02,1278.88
2005/2/17,1280.03,1276.13
2005/2/18,1275.66,1258.97
2005/2/21,1259.53,1284.48
2005/2/22,1285.63,1309.28
2005/2/23,1309.62,1309.47
2005/2/24,1307.04,1309.95
2005/2/25,1311.37,1312.44
2005/2/28,1311.44,1306
2005/3/1,1305.25,1303.41
2005/3/2,1303.31,1287.45
2005/3/3,1285.2,1294.34
2005/3/4,1294.16,1287.71
2005/3/7,1288.41,1293.74
2005/3/8,1298.25,1318.27
2005/3/9,1321.21,1316.79
2005/3/10,1316.9,1286.23
2005/3/11,1284.51,1289.94
2005/3/14,1288.98,1293.5
2005/3/15,1293.13,1269.14
2005/3/16,1267.05,1255.59
2005/3/17,1255.98,1243.47
2005/3/18,1242.45,1227.4
2005/3/21,1226.14,1231.05
2005/3/22,1230.68,1206.92
2005/3/23,1205.76,1201.65
2005/3/24,1200.26,1208.19
2005/3/25,1207.2,1205.63
2005/3/28,1204.85,1200.11
2005/3/29,1199.69,1195.02
2005/3/30,1192.45,1172.57
2005/3/31,1168.83,1181.24
2005/4/1,1180.37,1223.57
2005/4/4,1212.12,1202.97
2005/4/5,1200.69,1191.74
2005/4/6,1191.2,1214.87
2005/4/7,1216.73,1225.49
2005/4/8,1225.05,1248.52
2005/4/11,1248.15,1240.97
2005/4/12,1239.13,1219.51
2005/4/13,1228.97,1248.2
2005/4/14,1252.21,1234.33
2005/4/15,1229.68,1216.96
2005/4/18,1212.39,1197.73
2005/4/19,1196.28,1199.9
2005/4/20,1198.96,1184.19
2005/4/21,1182.2,1172.56
2005/4/22,1171.03,1169.19
2005/4/25,1166.34,1157.97
2005/4/26,1155.64,1165.34
2005/4/27,1165.1,1148.76
2005/4/28,1145.75,1169.12
2005/4/29,1168.33,1159.15
2005/5/9,1160.62,1130.84
2005/5/10,1126.82,1135.56
2005/5/11,1134.6,1124.27
2005/5/12,1122.18,1103.99
2005/5/13,1101.61,1107.63
2005/5/16,1105.4,1095.47
2005/5/17,1091.26,1099.64
2005/5/18,1099.74,1102.96
2005/5/19,1101.75,1103.47
2005/5/20,1100.49,1099.27
2005/5/23,1095.31,1070.84
2005/5/24,1066,1073.85
2005/5/25,1072.52,1072.14
2005/5/26,1071.21,1058.87
2005/5/27,1056.32,1051.95
2005/5/30,1049.72,1060.16
2005/5/31,1061.61,1060.74
2005/6/1,1059.61,1039.19
2005/6/2,1036.73,1016.06
2005/6/3,1013.9,1013.64
2005/6/6,1010.38,1034.38
2005/6/7,1036.62,1030.94
2005/6/8,1044.18,1115.58
2005/6/9,1118.81,1131.05
2005/6/10,1130.55,1108.29
2005/6/13,1105.96,1106.29
2005/6/14,1108.34,1093.46
2005/6/15,1090.46,1072.84
2005/6/16,1071.77,1086.01
2005/6/17,1090.11,1085.61
2005/6/20,1087.85,1115.62
2005/6/21,1115.66,1101.49
2005/6/22,1098.96,1102.03
2005/6/23,1100.56,1093.7
2005/6/24,1091.99,1101.88
2005/6/27,1108.46,1124.64
2005/6/28,1120.94,1108.59
2005/6/29,1111.67,1104.99
2005/6/30,1103.48,1080.94
2005/7/1,1077.31,1055.59
2005/7/4,1050.24,1047.28
2005/7/5,1043.88,1039.04
2005/7/6,1040.7,1033.55
2005/7/7,1033.22,1038.6
2005/7/8,1036.41,1017.98
2005/7/11,1026.79,1011.5
2005/7/12,1007.9,1046.16
2005/7/13,1044.58,1037.39
2005/7/14,1035.53,1040.42
2005/7/15,1039.61,1026.12
2005/7/18,1023.38,1012.1
2005/7/19,1011,1014.36
2005/7/20,1013.98,1021.05
2005/7/21,1020.69,1020.63
2005/7/22,1026.13,1046.32
2005/7/25,1045.27,1045.4
2005/7/26,1046.54,1072.81
2005/7/27,1072.56,1089.91
2005/7/28,1090.11,1086.55
2005/7/29,1084.97,1083.03
2005/8/1,1082.8,1088.95
2005/8/2,1089.53,1104.04
2005/8/3,1106.32,1107.7
2005/8/4,1104.91,1102.59
2005/8/5,1102.62,1128.74
2005/8/8,1131.8,1138.88
2005/8/9,1139.12,1152.53
2005/8/10,1153.21,1165.03
2005/8/11,1165.44,1183.58
2005/8/12,1185.27,1167.91
2005/8/15,1167.03,1187.01
2005/8/16,1188.02,1177.28
2005/8/17,1175.18,1192.83
2005/8/18,1194.44,1148.04
2005/8/19,1144.46,1150.18
2005/8/22,1148.97,1158.6
2005/8/23,1158.83,1149.96
2005/8/24,1151.45,1167.14
2005/8/25,1168,1172.47
2005/8/26,1173.01,1171.86
2005/8/29,1172,1154.43
2005/8/30,1151.62,1146.38
2005/8/31,1145.81,1162.8
2005/9/1,1163.7,1184.93
2005/9/2,1187.06,1188.85
2005/9/5,1189.07,1196.22
2005/9/6,1197.23,1173.32
2005/9/7,1170.77,1194.31
2005/9/8,1196.27,1194.41
2005/9/9,1194.49,1189.63
2005/9/12,1189.75,1188.21
2005/9/13,1188.25,1207.16
2005/9/14,1209.27,1217.26
2005/9/15,1217.52,1217.28
2005/9/16,1217.42,1212.95
2005/9/19,1213.49,1220.63
2005/9/20,1222.26,1212.62
2005/9/21,1210.85,1187.99
2005/9/22,1185.69,1159.96
2005/9/23,1157.3,1151.98
2005/9/26,1150.93,1155.04
2005/9/27,1155.05,1133.24
2005/9/28,1131.32,1131.77
2005/9/29,1134.44,1155.48
2005/9/30,1156.77,1155.61
2005/10/10,1153.67,1138.95
2005/10/11,1137.95,1157.19
2005/10/12,1157.48,1161.85
2005/10/13,1162.02,1152.61
2005/10/14,1152.37,1139.55
2005/10/17,1138.38,1131.38
2005/10/18,1131.26,1141.2
2005/10/19,1141.05,1134.61
2005/10/20,1133.45,1135.95
2005/10/21,1135.61,1141.32
2005/10/24,1141.33,1141.17
2005/10/25,1140.17,1121.92
2005/10/26,1119.43,1097.16
2005/10/27,1093.93,1097.78
2005/10/28,1097.59,1080.87
2005/10/31,1079.04,1092.82
2005/11/1,1091.68,1089.95
2005/11/2,1090,1104.79
2005/11/3,1104.59,1095.27
2005/11/4,1094.26,1100.05
2005/11/7,1099.53,1100.65
2005/11/8,1099.94,1110.15
2005/11/9,1110.55,1108.15
2005/11/10,1106.94,1088.3
2005/11/11,1085.69,1090.19
2005/11/14,1089.56,1088.65
2005/11/15,1088.51,1087.51
2005/11/16,1086.83,1095.89
2005/11/17,1094.88,1095.31
2005/11/18,1095.52,1117
2005/11/21,1117.78,1119.94
2005/11/22,1119.69,1098.65
2005/11/23,1096.56,1105.75
2005/11/24,1105.34,1113.37
2005/11/25,1113.28,1114.92
2005/11/28,1113.83,1110.82
2005/11/29,1109.57,1096.99
2005/11/30,1095.3,1099.26
2005/12/1,1098.78,1098.75
2005/12/2,1099.76,1094.29
2005/12/5,1093.1,1079.2
2005/12/6,1077.58,1087.79
2005/12/7,1087.74,1099.62
2005/12/8,1100.68,1098.32
2005/12/9,1097.52,1113.48
2005/12/12,1115.75,1116.37
2005/12/13,1115.77,1117.85
2005/12/14,1117.47,1125.39
2005/12/15,1125.67,1123.56
2005/12/16,1122.73,1127.51
2005/12/19,1127.84,1131.75
2005/12/20,1131.8,1136.34
2005/12/21,1135.98,1130.76
2005/12/22,1129.56,1135.24
2005/12/23,1135.7,1144.87
2005/12/26,1145.77,1156.82
2005/12/27,1157.49,1154.29
2005/12/28,1155.12,1157.03
2005/12/29,1157.51,1169.86
2005/12/30,1171.58,1161.06
2006/1/4,1163.88,1180.96
2006/1/5,1183.31,1197.27
2006/1/6,1198.81,1209.42
2006/1/9,1210.32,1215.67
2006/1/10,1215.85,1220.62
2006/1/11,1219.81,1211.05
2006/1/12,1208.77,1226.7
2006/1/13,1228.16,1221.46
2006/1/16,1221.11,1202.87
2006/1/17,1200.26,1208.44
2006/1/18,1207.53,1233.35
2006/1/19,1235.08,1251.58
2006/1/20,1251.41,1255.31
2006/1/23,1254.78,1255.77
2006/1/24,1256.01,1252.06
2006/1/25,1251.27,1258.05
2006/2/6,1263,1287.63
2006/2/7,1289.45,1282.1
2006/2/8,1282.12,1290.06
2006/2/9,1288.97,1269.45
2006/2/10,1269.54,1282.66
2006/2/13,1283.78,1279.64
2006/2/14,1279.63,1286.33
2006/2/15,1289.14,1299.17
2006/2/16,1298.5,1270.63
2006/2/17,1269.4,1267.41
2006/2/20,1268.11,1267.54
2006/2/21,1266.64,1288.42
2006/2/22,1288.85,1284.23
2006/2/23,1284.13,1288.85
2006/2/24,1289.43,1296.87
2006/2/27,1297.69,1297.19
2006/2/28,1294.81,1299.03
2006/3/1,1299.15,1306.59
2006/3/2,1306.59,1285.67
2006/3/3,1284.61,1293.3
2006/3/6,1292.75,1288.95
2006/3/7,1288.26,1259.92
2006/3/8,1256.68,1250.38
2006/3/9,1247.46,1245.17
2006/3/10,1245.19,1245.65
2006/3/13,1245.3,1259.67
2006/3/14,1260.42,1259.04
2006/3/15,1259.23,1274.81
2006/3/16,1274.62,1274.19
2006/3/17,1273.01,1269.46
2006/3/20,1269.58,1288.42
2006/3/21,1288.56,1290.39
2006/3/22,1289.46,1296.71
2006/3/23,1296.19,1302.46
2006/3/24,1302.14,1294.7
2006/3/27,1296.07,1295.91
2006/3/28,1295.76,1298.79
2006/3/29,1299.38,1305.57
2006/3/30,1305.84,1294.72
2006/3/31,1291.52,1298.3
2006/4/3,1298.68,1319.47
2006/4/4,1319.84,1329.8
2006/4/5,1330.56,1340.16
2006/4/6,1341.74,1339.74
2006/4/7,1340.65,1342.96
2006/4/10,1344.24,1359.08
2006/4/11,1360.98,1362.23
2006/4/12,1361.74,1360.13
2006/4/13,1359.28,1332.33
2006/4/14,1330.1,1359.54
2006/4/17,1360.64,1378.61
2006/4/18,1379.81,1385.11
2006/4/19,1389.13,1396.7
2006/4/20,1398.1,1385.9
2006/4/21,1385.92,1416.79
2006/4/24,1423.41,1409.79
2006/4/25,1405.9,1399.77
2006/4/26,1399.07,1417.48
2006/4/27,1418.9,1416.73
2006/4/28,1403.52,1440.22
2006/5/8,1446.99,1497.1
2006/5/9,1503.24,1531.16
2006/5/10,1537.56,1545.69
2006/5/11,1547.56,1537.38
2006/5/12,1532.88,1602.83
2006/5/15,1616.26,1664.09
2006/5/16,1658.69,1613.25
2006/5/17,1613.23,1625.15
2006/5/18,1611.66,1617.28
2006/5/19,1620.21,1659.55
2006/5/22,1656.75,1657.69
2006/5/23,1647.96,1604.55
2006/5/24,1609.74,1590.92
2006/5/25,1585.47,1591.42
2006/5/26,1596.57,1613.89
2006/5/29,1622.11,1648.54
2006/5/30,1654.98,1657.29
2006/5/31,1656.28,1641.3
2006/6/1,1639.67,1684.19
2006/6/2,1688.78,1669.4
2006/6/5,1669.24,1684.62
2006/6/6,1681.22,1679.13
2006/6/7,1678.24,1589.55
2006/6/8,1576.43,1591.49
2006/6/9,1583.96,1551.38
2006/6/12,1540.22,1552.8
2006/6/13,1552.1,1548.49
2006/6/14,1540.63,1531.33
2006/6/15,1531.25,1533.98
2006/6/16,1540.19,1574.47
2006/6/19,1559.98,1586.29
2006/6/20,1583.87,1592.33
2006/6/21,1590.61,1598.12
2006/6/22,1593.1,1596.07
2006/6/23,1594.49,1605.71
2006/6/26,1607.79,1633.45
2006/6/27,1636.7,1639.55
2006/6/28,1638.23,1639.29
2006/6/29,1641.93,1671.62
2006/6/30,1679.72,1672.21
2006/7/3,1677.31,1697.28
2006/7/4,1700.32,1681.55
2006/7/5,1755.22,1718.56
2006/7/6,1715.28,1741.47
2006/7/7,1746.52,1730.19
2006/7/10,1730.7,1734.33
2006/7/11,1736.99,1745.81
2006/7/12,1745.88,1740
2006/7/13,1736.21,1655.77
2006/7/14,1641.14,1665.21
2006/7/17,1662.05,1682.89
2006/7/18,1682.36,1684.25
2006/7/19,1681.77,1645.16
2006/7/20,1642.62,1655.12
2006/7/21,1653.81,1665.33
2006/7/24,1648.75,1665.94
2006/7/25,1668.14,1685.46
2006/7/26,1688.54,1686.65
2006/7/27,1685.35,1675.17
2006/7/28,1674.43,1662.03
2006/7/31,1659.54,1612.73
2006/8/1,1619.63,1600.61
2006/8/2,1598.76,1600.87
2006/8/3,1599.75,1601.06
2006/8/4,1601.61,1570.15
2006/8/7,1561.8,1547.44
2006/8/8,1547.9,1580.58
2006/8/9,1581.8,1578.57
2006/8/10,1578.35,1606.07
2006/8/11,1605.6,1605.93
2006/8/14,1605.2,1570.74
2006/8/15,1568.27,1595.66
2006/8/16,1596.06,1616.41
2006/8/17,1612.41,1603.33
2006/8/18,1601.57,1598.02
2006/8/21,1565.46,1601.15
2006/8/22,1601.52,1613.36
2006/8/23,1614.39,1612.4
2006/8/24,1612.7,1623.02
2006/8/25,1622.48,1623.03
2006/8/28,1627.12,1650.44
2006/8/29,1652.67,1651.02
2006/8/30,1648.35,1655.19
2006/8/31,1655.9,1658.64
2006/9/1,1658.66,1636.69
2006/9/4,1635.33,1657.52
2006/9/5,1659.74,1664.08
2006/9/6,1665.13,1672.12
2006/9/7,1683.78,1661.19
2006/9/8,1659.7,1667.98
2006/9/11,1668.16,1674.97
2006/9/12,1675.2,1695.86
2006/9/13,1695.35,1689.39
2006/9/14,1689.63,1689.69
2006/9/15,1689.61,1721.05
2006/9/18,1727.91,1732.99
2006/9/19,1735.3,1735.24
2006/9/20,1733.64,1732.45
2006/9/21,1731.59,1740.9
2006/9/22,1744.61,1725.36
2006/9/25,1722.74,1722.37
2006/9/26,1720.78,1712.64
2006/9/27,1711.51,1725.04
2006/9/28,1725.52,1736.96
2006/9/29,1740.06,1752.42
2006/10/9,1768.14,1785.38
2006/10/10,1784.22,1784.86
2006/10/11,1784.52,1790.1
2006/10/12,1790.63,1778.18
2006/10/13,1776.51,1784.66
2006/10/16,1787.7,1771.3
2006/10/17,1768.63,1763.9
2006/10/18,1762.4,1787.18
2006/10/19,1788.58,1792.25
2006/10/20,1792.6,1790.36
2006/10/23,1789.64,1759.39
2006/10/24,1756.46,1805.18
2006/10/25,1807.03,1806.65
2006/10/26,1804.89,1810.65
2006/10/27,1836.21,1807.17
2006/10/30,1804.37,1809.66
2006/10/31,1811.47,1837.99
2006/11/1,1838.68,1855.71
2006/11/2,1856.92,1851.31
2006/11/3,1851.4,1866.36
2006/11/6,1853.19,1886.31
2006/11/7,1889.53,1889.53
2006/11/8,1885.86,1866.82
2006/11/9,1860.95,1896.48
2006/11/10,1896.93,1883.35
2006/11/13,1878.7,1863.77
2006/11/14,1868.17,1888.24
2006/11/15,1888.54,1922.93
2006/11/16,1930.93,1941.55
2006/11/17,1934.64,1971.79
2006/11/20,1977.53,2017.28
2006/11/21,2013.07,2037.55
2006/11/22,2031.3,2041.36
2006/11/23,2045.08,2062.36
2006/11/24,2051.47,2050.81
2006/11/27,2042.19,2047.28
2006/11/28,2042.38,2038.72
2006/11/29,2005.99,2054.09
2006/11/30,2058.77,2099.29
2006/12/1,2106.3,2102.05
2006/12/4,2103.82,2161.65
2006/12/5,2167.36,2173.28
2006/12/6,2175.38,2156.6
2006/12/7,2152.59,2156.75
2006/12/8,2133.36,2093.64
2006/12/11,2085.06,2180.5
2006/12/12,2189.69,2218.95
2006/12/13,2224.43,2223.45
2006/12/14,2226,2249.11
2006/12/15,2255.24,2273.91
2006/12/18,2277.28,2332.43
2006/12/19,2342.18,2364.18
2006/12/20,2356.26,2373.2
2006/12/21,2372.46,2342.94
2006/12/22,2334.27,2343.67
2006/12/25,2350.13,2435.76
2006/12/26,2437.85,2479.73
2006/12/27,2478.06,2536.39
2006/12/28,2538.95,2567.59
2006/12/29,2585.42,2675.47
2007/1/4,2728.19,2715.72
2007/1/5,2668.58,2641.33
2007/1/8,2621.07,2707.2
2007/1/9,2711.05,2807.8
2007/1/10,2838.11,2825.58
2007/1/11,2819.37,2770.11
2007/1/12,2745.32,2668.11
2007/1/15,2660.07,2794.7
2007/1/16,2818.66,2821.02
2007/1/17,2828.4,2778.9
2007/1/18,2760.94,2756.98
2007/1/19,2761.89,2832.21
2007/1/22,2857.9,2933.19
2007/1/23,2964.69,2949.14
2007/1/24,2955.42,2975.13
2007/1/25,2946.5,2857.36
2007/1/26,2805.96,2882.56
2007/1/29,2897.25,2945.26
2007/1/30,2959.4,2930.56
2007/1/31,2926.07,2786.34
2007/2/1,2744.81,2785.43
2007/2/2,2791.49,2673.21
2007/2/5,2658.07,2612.54
2007/2/6,2612.84,2675.7
2007/2/7,2688.96,2716.18
2007/2/8,2725.14,2737.73
2007/2/9,2741.48,2730.39
2007/2/12,2729.84,2807.17
2007/2/13,2819.14,2831.87
2007/2/14,2836.82,2905.09
2007/2/15,2923.67,2993.01
2007/2/16,3018.18,2998.47
2007/2/26,2999.09,3040.6
2007/2/27,3048.83,2771.79
2007/2/28,2734.59,2881.07
2007/3/1,2877.2,2797.19
2007/3/2,2792.94,2831.53
2007/3/5,2827.68,2785.31
2007/3/6,2776.17,2840.18
2007/3/7,2851.75,2896.59
2007/3/8,2904.18,2928.01
2007/3/9,2934.49,2937.91
2007/3/12,2945.92,2954.91
2007/3/13,2958.1,2964.79
2007/3/14,2933.68,2906.33
2007/3/15,2905.98,2951.7
2007/3/16,2964.09,2930.48
2007/3/19,2864.26,3014.44
2007/3/20,3024.78,3032.2
2007/3/21,3042.1,3057.38
2007/3/22,3080.6,3071.22
2007/3/23,3071.81,3074.29
2007/3/26,3083.94,3122.81
2007/3/27,3126.03,3138.83
2007/3/28,3140.68,3173.02
2007/3/29,3179.8,3197.54
2007/3/30,3178.5,3183.98
2007/4/2,3196.59,3252.59
2007/4/3,3265.68,3291.3
2007/4/4,3295.98,3291.54
2007/4/5,3286.16,3319.14
2007/4/6,3287.68,3323.59
2007/4/9,3333.42,3398.95
2007/4/10,3405.23,3444.29
2007/4/11,3454.42,3495.22
2007/4/12,3503.23,3531.03
2007/4/13,3537.22,3518.27
2007/4/16,3523.22,3596.44
2007/4/17,3611.63,3611.87
2007/4/18,3614.68,3612.4
2007/4/19,3610.02,3449.02
2007/4/20,3460.9,3584.2
2007/4/23,3615.79,3710.89
2007/4/24,3736.15,3720.53
2007/4/25,3708.57,3743.96
2007/4/26,3766.48,3783.06
2007/4/27,3788.75,3759.87
2007/4/30,3784.27,3841.27
2007/5/8,3937.94,3950.01
2007/5/9,3961.1,4013.09
2007/5/10,4021.42,4049.7
2007/5/11,4024.42,4021.68
2007/5/14,3970.66,4046.39
2007/5/15,4055.83,3899.18
2007/5/16,3890.81,3986.04
2007/5/17,4002.49,4048.29
2007/5/18,4041.39,4030.26
2007/5/21,3902.35,4072.22
2007/5/22,4091.14,4110.38
2007/5/23,4125.43,4173.71
2007/5/24,4188.68,4151.13
2007/5/25,4133.19,4179.78
2007/5/28,4221.58,4272.11
2007/5/29,4288.98,4334.92
2007/5/30,4087.41,4053.09
2007/5/31,4006.28,4109.65
2007/6/1,4120.63,4000.74
2007/6/4,3981.82,3670.4
2007/6/5,3564.43,3767.1
2007/6/6,3781.38,3776.32
2007/6/7,3787.7,3890.8
2007/6/8,3900.03,3913.14
2007/6/11,3942.01,3995.68
2007/6/12,4011.68,4072.14
2007/6/13,4110.74,4176.48
2007/6/14,4162.21,4115.21
2007/6/15,4085.66,4132.87
2007/6/18,4195.39,4253.35
2007/6/19,4247.74,4269.52
2007/6/20,4269.45,4181.32
2007/6/21,4170.89,4230.82
2007/6/22,4230.97,4091.45
2007/6/25,4102.79,3941.08
2007/6/26,3863.25,3973.37
2007/6/27,3985.72,4078.6
2007/6/28,4080.19,3914.2
2007/6/29,3824.29,3820.7
2007/7/2,3800.23,3836.29
2007/7/3,3854.72,3899.72
2007/7/4,3906.01,3816.16
2007/7/5,3769.64,3615.87
2007/7/6,3599.82,3781.35
2007/7/9,3809.67,3883.22
2007/7/10,3895.91,3853.02
2007/7/11,3837.8,3865.72
2007/7/12,3874.04,3915.99
2007/7/13,3920.83,3914.39
2007/7/16,3920.65,3821.92
2007/7/17,3809.56,3896.19
2007/7/18,3880.85,3930.06
2007/7/19,3918.54,3912.94
2007/7/20,3918.41,4058.85
2007/7/23,4091.24,4213.36
2007/7/24,4238.32,4210.33
2007/7/25,4212.95,4323.97
2007/7/26,4347.78,4346.46
2007/7/27,4315.37,4345.36
2007/7/30,4348.61,4440.77
2007/7/31,4432.27,4471.03
2007/8/1,4488.77,4300.56
2007/8/2,4316.57,4407.73
2007/8/3,4440.98,4560.77
2007/8/6,4600.12,4628.11
2007/8/7,4642.01,4651.23
2007/8/8,4614.59,4663.16
2007/8/9,4658.59,4754.1
2007/8/10,4745.18,4749.37
2007/8/13,4768.62,4820.06
2007/8/14,4820.15,4872.78
2007/8/15,4875.51,4869.88
2007/8/16,4845.02,4765.45
2007/8/17,4733.14,4656.57
2007/8/20,4773.83,4904.85
2007/8/21,4944.21,4955.21
2007/8/22,4876.35,4980.07
2007/8/23,5002.84,5032.49
2007/8/24,5070.65,5107.67
2007/8/27,5144.82,5150.12
2007/8/28,5134.14,5194.69
2007/8/29,5147.71,5109.43
2007/8/30,5144.11,5167.88
2007/8/31,5184.09,5218.82
2007/9/3,5257.78,5321.06
2007/9/4,5333.4,5294.05
2007/9/5,5296.07,5310.72
2007/9/6,5336.67,5393.66
2007/9/7,5381.19,5277.18
2007/9/10,5208.32,5355.29
2007/9/11,5362.94,5113.97
2007/9/12,5092.58,5172.63
2007/9/13,5193.41,5273.59
2007/9/14,5290.26,5312.18
2007/9/17,5309.06,5421.39
2007/9/18,5446.73,5425.21
2007/9/19,5439.02,5395.27
2007/9/20,5408.48,5470.06
2007/9/21,5482.51,5454.67
2007/9/24,5469.84,5485.01
2007/9/25,5500.27,5425.88
2007/9/26,5407.83,5338.52
2007/9/27,5338.11,5409.4
2007/9/28,5461.58,5552.3
2007/10/8,5683.31,5692.76
2007/10/9,5678.91,5715.89
2007/10/10,5742.65,5771.46
2007/10/11,5798.39,5913.23
2007/10/12,5950.9,5903.26
2007/10/15,5934.77,6030.09
2007/10/16,6056.95,6092.06
2007/10/17,6057.43,6036.28
2007/10/18,6031.92,5825.28
2007/10/19,5869.12,5818.05
2007/10/22,5742.79,5667.33
2007/10/23,5660.07,5773.39
2007/10/24,5804.02,5843.11
2007/10/25,5794.22,5562.39
2007/10/26,5498.86,5589.63
2007/10/29,5641.98,5748
2007/10/30,5769.2,5897.19
2007/10/31,5984.71,5954.77
2007/11/1,5978.94,5914.28
2007/11/2,5812.47,5777.81
2007/11/5,5748.18,5634.45
2007/11/6,5593.35,5536.57
2007/11/7,5565.65,5601.78
2007/11/8,5559.15,5330.02
2007/11/9,5276.01,5315.54
2007/11/12,5181.18,5187.73
2007/11/13,5239.34,5158.12
2007/11/14,5246.57,5412.69
2007/11/15,5391.02,5365.27
2007/11/16,5273.08,5316.27
2007/11/19,5325.3,5269.82
2007/11/20,5230.74,5293.7
2007/11/21,5307.79,5214.23
2007/11/22,5113.88,4984.16
2007/11/23,4946.26,5032.13
2007/11/26,5102.53,4958.85
2007/11/27,4919.91,4861.11
2007/11/28,4870.84,4803.39
2007/11/29,4870.86,5003.33
2007/11/30,4993.74,4871.78
2007/12/3,4838.56,4868.61
2007/12/4,4882.15,4915.89
2007/12/5,4917.36,5042.65
2007/12/6,5055.84,5035.07
2007/12/7,5038.48,5091.76
2007/12/10,5010.83,5161.92
2007/12/11,5180.54,5175.08
2007/12/12,5148.25,5095.54
2007/12/13,5078.18,4958.04
2007/12/14,4899.75,5007.91
2007/12/17,5007.28,4876.76
2007/12/18,4856.47,4836.17
2007/12/19,4878.07,4941.78
2007/12/20,4965.29,5043.53
2007/12/21,5017.19,5101.78
2007/12/24,5132.91,5234.26
2007/12/25,5233.18,5201.18
2007/12/26,5209.03,5233.35
2007/12/27,5248.22,5308.89
2007/12/28,5320.01,5261.56
2008/1/2,5265,5272.81
2008/1/3,5269.8,5319.86
2008/1/4,5328.41,5361.57
2008/1/7,5357.45,5393.34
2008/1/8,5414.56,5386.53
2008/1/9,5365.22,5435.81
2008/1/10,5449.16,5456.54
2008/1/11,5471.39,5484.68
2008/1/14,5507.58,5497.9
2008/1/15,5503.93,5443.79
2008/1/16,5395.28,5290.61
2008/1/17,5235.91,5151.63
2008/1/18,5141.37,5180.51
2008/1/21,5188.8,4914.44
2008/1/22,4818,4559.75
2008/1/23,4572.9,4703.05
2008/1/24,4753.44,4717.73
2008/1/25,4716.98,4761.69
2008/1/28,4720.56,4419.29
2008/1/29,4426.27,4457.94
2008/1/30,4505.64,4417.85
2008/1/31,4408.02,4383.39
2008/2/1,4388.25,4320.77
2008/2/4,4415.02,4672.17
2008/2/5,4622.54,4599.7
2008/2/13,4525.03,4490.72
2008/2/14,4527.05,4552.32
2008/2/15,4523.79,4497.13
2008/2/18,4546.75,4568.15
2008/2/19,4582.28,4664.3
2008/2/20,4682.59,4567.03
2008/2/21,4534.17,4527.18
2008/2/22,4500.39,4370.28
2008/2/25,4370.19,4192.53
2008/2/26,4302.73,4238.18
2008/2/27,4256.53,4334.05
2008/2/28,4343.28,4299.51
2008/2/29,4293.53,4348.54
2008/3/3,4323.7,4438.27
2008/3/4,4454.18,4335.45
2008/3/5,4316.25,4292.65
2008/3/6,4310.35,4360.99
2008/3/7,4315.81,4300.52
2008/3/10,4265.61,4146.3
2008/3/11,4121.65,4165.88
2008/3/12,4254.67,4070.12
2008/3/13,4033.32,3971.26
2008/3/14,3956.75,3962.67
2008/3/17,3941.26,3820.05
2008/3/18,3789.57,3668.9
2008/3/19,3746.05,3761.61
2008/3/20,3721.5,3804.05
2008/3/21,3790.11,3796.58
2008/3/24,3830.35,3626.19
2008/3/25,3559.94,3629.62
2008/3/26,3644.13,3606.86
2008/3/27,3541.28,3411.49
2008/3/28,3378.63,3580.15
2008/3/31,3465.91,3472.71
2008/4/1,3461.09,3329.16
2008/4/2,3370.6,3347.88
2008/4/3,3323.43,3446.24
2008/4/7,3418.52,3599.62
2008/4/8,3604.26,3612.54
2008/4/9,3585.85,3413.91
2008/4/10,3378.14,3471.74
2008/4/11,3498.55,3492.89
2008/4/14,3419.05,3296.67
2008/4/15,3282.57,3348.35
2008/4/16,3349.93,3291.6
2008/4/17,3286.41,3222.74
2008/4/18,3200.57,3094.67
2008/4/21,3305.15,3116.98
2008/4/22,3076.72,3147.79
2008/4/23,3116.41,3278.33
2008/4/24,3539.87,3583.03
2008/4/25,3572.55,3557.75
2008/4/28,3497.38,3474.72
2008/4/29,3457.35,3523.41
2008/4/30,3545.57,3693.11
2008/5/5,3739.8,3761.01
2008/5/6,3735.85,3733.5
2008/5/7,3716.45,3579.15
2008/5/8,3538.92,3656.84
2008/5/9,3682.95,3613.49
2008/5/12,3548.61,3626.98
2008/5/13,3515.71,3560.24
2008/5/14,3549.67,3657.43
2008/5/15,3676.84,3637.32
2008/5/16,3637.64,3624.23
2008/5/19,3615.59,3604.76
2008/5/20,3601.55,3443.16
2008/5/21,3414.34,3544.19
2008/5/22,3493.07,3485.63
2008/5/23,3473.8,3473.09
2008/5/26,3442.29,3364.54
2008/5/27,3355.11,3375.41
2008/5/28,3382.77,3459.03
2008/5/29,3447.77,3401.44
2008/5/30,3414.25,3433.35
2008/6/2,3426.2,3459.04
2008/6/3,3456.58,3436.4
2008/6/4,3424.04,3369.91
2008/6/5,3355.93,3351.64
2008/6/6,3362.01,3329.67
2008/6/10,3202.11,3072.33
2008/6/11,3042.16,3024.24
2008/6/12,3011.56,2957.53
2008/6/13,2960.91,2868.8
2008/6/16,2876.29,2874.1
2008/6/17,2873.13,2794.75
2008/6/18,2772.37,2941.11
2008/6/19,2921.72,2748.87
2008/6/20,2811.08,2831.74
2008/6/23,2780.15,2760.42
2008/6/24,2747.32,2803.02
2008/6/25,2794.04,2905.01
2008/6/26,2904.09,2901.85
2008/6/27,2809.31,2748.43
2008/6/30,2724.4,2736.1
2008/7/1,2743.16,2651.61
2008/7/2,2656.04,2651.72
2008/7/3,2610.82,2703.53
2008/7/4,2691.21,2669.89
2008/7/7,2673.55,2792.4
2008/7/8,2805.61,2814.95
2008/7/9,2838.86,2920.55
2008/7/10,2879.62,2875.45
2008/7/11,2863.81,2856.63
2008/7/14,2837.49,2878.26
2008/7/15,2886.11,2779.45
2008/7/16,2753.9,2705.87
2008/7/17,2747.95,2684.78
2008/7/18,2711.74,2778.37
2008/7/21,2759.88,2861.42
2008/7/22,2852.44,2846.12
2008/7/23,2870.93,2837.85
2008/7/24,2861.81,2910.29
2008/7/25,2875.77,2865.1
2008/7/28,2883.76,2903.01
2008/7/29,2868.01,2850.31
2008/7/30,2884.59,2836.67
2008/7/31,2844.65,2775.72
2008/8/1,2751.02,2801.82
2008/8/4,2782.99,2741.74
2008/8/5,2751.2,2690.75
2008/8/6,2711.6,2719.37
2008/8/7,2717.5,2727.58
2008/8/8,2724.43,2605.72
2008/8/11,2595.89,2470.07
2008/8/12,2445.22,2457.2
2008/8/13,2440.53,2446.3
2008/8/14,2432.2,2437.08
2008/8/15,2434.41,2450.61
2008/8/18,2451.78,2319.87
2008/8/19,2297.24,2344.47
2008/8/20,2332.48,2523.28
2008/8/21,2484.49,2431.72
2008/8/22,2414.46,2405.23
2008/8/25,2408.09,2413.37
2008/8/26,2384.95,2350.08
2008/8/27,2343.88,2342.15
2008/8/28,2341.96,2350.14
2008/8/29,2361.05,2397.37
2008/9/1,2380.47,2325.14
2008/9/2,2312.1,2304.89
2008/9/3,2301.94,2276.67
2008/9/4,2270.52,2277.41
2008/9/5,2224.53,2202.45
2008/9/8,2210.34,2143.42
2008/9/9,2152.28,2145.78
2008/9/10,2131.8,2150.76
2008/9/11,2143.4,2078.98
2008/9/12,2077.55,2079.67
2008/9/16,2049.81,1986.64
2008/9/17,1971.94,1929.05
2008/9/18,1876.12,1895.84
2008/9/19,2067.64,2075.09
2008/9/22,2241.72,2236.41
2008/9/23,2209.12,2201.51
2008/9/24,2133.1,2216.81
2008/9/25,2214.58,2297.5
2008/9/26,2304.12,2293.78
2008/10/6,2267.39,2173.74
2008/10/7,2101.09,2157.84
2008/10/8,2095.91,2092.22
2008/10/9,2125.57,2074.58
2008/10/10,1995.96,2000.57
2008/10/13,1978.56,2073.57
2008/10/14,2139.07,2017.32
2008/10/15,1995.88,1994.67
2008/10/16,1916.13,1909.94
2008/10/17,1921.84,1930.65
2008/10/20,1924.18,1974.01
2008/10/21,1978.67,1958.53
2008/10/22,1932.68,1895.82
2008/10/23,1851.26,1875.56
2008/10/24,1875.63,1839.62
2008/10/27,1809.22,1723.35
2008/10/28,1671.4,1771.82
2008/10/29,1786.2,1719.81
2008/10/30,1732.77,1763.61
2008/10/31,1754.21,1728.79
2008/11/3,1713.76,1719.77
2008/11/4,1707.92,1706.7
2008/11/5,1716.22,1760.61
2008/11/6,1720.42,1717.72
2008/11/7,1686.52,1747.71
2008/11/10,1782.31,1874.8
2008/11/11,1872.07,1843.61
2008/11/12,1820.44,1859.11
2008/11/13,1837.27,1927.61
2008/11/14,1943.96,1986.44
2008/11/17,1981.26,2030.48
2008/11/18,2020.99,1902.43
2008/11/19,1889.35,2017.47
2008/11/20,1977.21,1983.76
2008/11/21,1932.6,1969.39
2008/11/24,1961.21,1897.06
2008/11/25,1925.25,1888.71
2008/11/26,1890.33,1897.88
2008/11/27,2012.69,1917.86
2008/11/28,1901.67,1871.16
2008/12/1,1865.74,1894.62
2008/12/2,1856.97,1889.64
2008/12/3,1903.43,1965.41
2008/12/4,1992.72,2001.5
2008/12/5,1984.26,2018.66
2008/12/8,2049.16,2090.77
2008/12/9,2100.77,2037.74
2008/12/10,2025.03,2079.12
2008/12/11,2072.58,2031.68
2008/12/12,2014.58,1954.21
2008/12/15,1977.03,1964.37
2008/12/16,1948.86,1975.01
2008/12/17,1983.84,1976.82
2008/12/18,1978.97,2015.69
2008/12/19,2006.21,2018.46
2008/12/22,2016.45,1987.76
2008/12/23,1990.05,1897.22
2008/12/24,1873.58,1863.8
2008/12/25,1865.72,1852.42
2008/12/26,1852.91,1851.52
2008/12/29,1846.3,1850.48
2008/12/30,1851.91,1832.91
2008/12/31,1834.95,1820.81
2009/1/5,1849.02,1880.72
2009/1/6,1878.83,1937.14
2009/1/7,1938.97,1924.01
2009/1/8,1890.24,1878.18
2009/1/9,1875.16,1904.86
2009/1/12,1897.7,1900.35
2009/1/13,1880.87,1863.37
2009/1/14,1862.31,1928.87
2009/1/15,1912.77,1920.21
2009/1/16,1928.92,1954.44
2009/1/19,1971,1986.67
2009/1/20,1981.15,1994.11
2009/1/21,1965.94,1985.02
2009/1/22,1996.09,2004.95
2009/1/23,2001.17,1990.66
2009/2/2,2008.13,2011.68
2009/2/3,2011.77,2060.81
2009/2/4,2068.09,2107.75
2009/2/5,2106.84,2098.02
2009/2/6,2102.08,2181.24
2009/2/9,2211.32,2224.71
2009/2/10,2218.49,2265.16
2009/2/11,2230.49,2260.82
2009/2/12,2265.79,2248.09
2009/2/13,2249.18,2320.79
2009/2/16,2338.76,2389.39
2009/2/17,2387.35,2319.44
2009/2/18,2271.26,2209.86
2009/2/19,2224.49,2227.13
2009/2/20,2234.36,2261.48
2009/2/23,2249.29,2305.78
2009/2/24,2273.76,2200.65
2009/2/25,2222.51,2206.57
2009/2/26,2201.67,2121.25
2009/2/27,2100.06,2082.85
2009/3/2,2066.23,2093.45
2009/3/3,2047.21,2071.43
2009/3/4,2076.62,2198.11
2009/3/5,2220.15,2221.08
2009/3/6,2180.79,2193.01
2009/3/9,2205.75,2118.75
2009/3/10,2097.14,2158.57
2009/3/11,2199.98,2139.03
2009/3/12,2127.73,2133.88
2009/3/13,2148.42,2128.85
2009/3/16,2122.41,2153.29
2009/3/17,2156.77,2218.33
2009/3/18,2227.98,2223.72
2009/3/19,2227.34,2265.76
2009/3/20,2272.44,2281.09
2009/3/23,2286.25,2325.48
2009/3/24,2359.68,2338.42
2009/3/25,2333.16,2291.55
2009/3/26,2296.05,2361.7
2009/3/27,2380.63,2374.44
2009/3/30,2377.96,2358.04
2009/3/31,2313.88,2373.21
2009/4/1,2380.98,2408.02
2009/4/2,2417.22,2425.29
2009/4/3,2446.12,2419.78
2009/4/7,2422.1,2439.18
2009/4/8,2429.88,2347.39
2009/4/9,2345.01,2379.88
2009/4/10,2400.01,2444.23
2009/4/13,2468.08,2513.7
2009/4/14,2512.01,2527.18
2009/4/15,2514.59,2536.06
2009/4/16,2542.34,2534.13
2009/4/17,2524.63,2503.93
2009/4/20,2500.17,2557.46
2009/4/21,2523.26,2535.83
2009/4/22,2548.11,2461.35
2009/4/23,2440.68,2463.95
2009/4/24,2477.16,2448.59
2009/4/27,2443.44,2405.35
2009/4/28,2382.88,2401.44
2009/4/29,2401.66,2468.19
2009/4/30,2477.93,2477.57
2009/5/4,2486.68,2559.91
2009/5/5,2577.43,2567.34
2009/5/6,2563.56,2592.52
2009/5/7,2612.12,2597.45
2009/5/8,2586.76,2625.64
2009/5/11,2646.29,2579.75
2009/5/12,2562.36,2618.17
2009/5/13,2629.03,2663.77
2009/5/14,2631.45,2639.89
2009/5/15,2646.89,2645.26
2009/5/18,2632.57,2652.78
2009/5/19,2679.4,2676.68
2009/5/20,2680.55,2651.41
2009/5/21,2639.14,2610.62
2009/5/22,2595.99,2597.6
2009/5/25,2555.34,2610.01
2009/5/26,2615.01,2588.57
2009/5/27,2601.24,2632.93
2009/6/1,2668.4,2721.28
2009/6/2,2739.44,2724.3
2009/6/3,2722.27,2778.59
2009/6/4,2753.25,2767.24
2009/6/5,2783.86,2753.89
2009/6/8,2753.34,2768.34
2009/6/9,2766.51,2787.89
2009/6/10,2796.9,2816.25
2009/6/11,2812.28,2797.32
2009/6/12,2793.97,2743.76
2009/6/15,2743.03,2789.55
2009/6/16,2762.74,2776.02
2009/6/17,2771.52,2810.12
2009/6/18,2812.99,2853.9
2009/6/19,2861.18,2880.49
2009/6/22,2900.57,2896.3
2009/6/23,2853.49,2892.7
2009/6/24,2889.05,2922.3
2009/6/25,2926.62,2925.05
2009/6/26,2930.5,2928.21
2009/6/29,2930.31,2975.31
2009/6/30,2990.12,2959.36
2009/7/1,2950.17,3008.15
2009/7/2,3015.08,3060.25
2009/7/3,3035.81,3088.37
2009/7/6,3091.48,3124.67
2009/7/7,3118.27,3089.45
2009/7/8,3057.46,3080.77
2009/7/9,3073.52,3123.03
2009/7/10,3124.79,3113.93
2009/7/13,3098.96,3080.56
2009/7/14,3088.58,3145.16
2009/7/15,3156.63,3188.55
2009/7/16,3209.78,3183.74
2009/7/17,3181.06,3189.74
2009/7/20,3203.89,3266.92
2009/7/21,3275.67,3213.21
2009/7/22,3207.99,3296.61
2009/7/23,3301.1,3328.49
2009/7/24,3343.76,3372.6
2009/7/27,3377.72,3435.21
2009/7/28,3434.32,3438.37
2009/7/29,3419.99,3266.43
2009/7/30,3281.2,3321.56
2009/7/31,3354.68,3412.06
2009/8/3,3429.69,3462.59
2009/8/4,3477.11,3471.44
2009/8/5,3467.05,3428.5
2009/8/6,3401.48,3356.33
2009/8/7,3352.66,3260.69
2009/8/10,3287.76,3249.76
2009/8/11,3261.41,3264.73
2009/8/12,3255.99,3112.72
2009/8/13,3112.57,3140.56
2009/8/14,3138.15,3046.97
2009/8/17,2994.87,2870.63
2009/8/18,2845.34,2910.88
2009/8/19,2916.09,2785.58
2009/8/20,2798.37,2911.58
2009/8/21,2905.05,2960.77
2009/8/24,2982.19,2993.43
2009/8/25,2980.1,2915.8
2009/8/26,2889.74,2967.59
2009/8/27,2947.83,2946.39
2009/8/28,2938.42,2860.69
2009/8/31,2817.63,2667.74
2009/9/1,2649.17,2683.72
2009/9/2,2681.33,2714.97
2009/9/3,2722.3,2845.02
2009/9/4,2841.17,2861.61
2009/9/7,2877.62,2881.12
2009/9/8,2865.7,2930.47
2009/9/9,2944.17,2946.26
2009/9/10,2934.96,2924.88
2009/9/11,2917.19,2989.79
2009/9/14,2990.93,3026.74
2009/9/15,3029.1,3033.73
2009/9/16,3027.51,2999.71
2009/9/17,3015.59,3060.26
2009/9/18,3063.31,2962.67
2009/9/21,2937.93,2967.01
2009/9/22,2956.13,2897.55
2009/9/23,2897.81,2842.72
2009/9/24,2824.58,2853.55
2009/9/25,2836.7,2838.84
2009/9/28,2844.37,2763.53
2009/9/29,2763.76,2754.54
2009/9/30,2772.57,2779.43
2009/10/9,2840.13,2911.72
2009/10/12,2927.02,2894.48
2009/10/13,2889.79,2936.19
2009/10/14,2945.67,2970.53
2009/10/15,2994.89,2979.79
2009/10/16,2992.74,2976.63
2009/10/19,2974.64,3038.27
2009/10/20,3062.55,3084.45
2009/10/21,3080.52,3070.59
2009/10/22,3068.68,3051.41
2009/10/23,3057.39,3107.85
2009/10/26,3114.29,3109.57
2009/10/27,3086.09,3021.46
2009/10/28,3014.18,3031.33
2009/10/29,2975.2,2960.47
2009/10/30,3007.25,2995.85
2009/11/2,2933.82,3076.65
2009/11/3,3085.74,3114.23
2009/11/4,3119.31,3128.54
2009/11/5,3133.51,3155.05
2009/11/6,3176.14,3164.04
2009/11/9,3162.15,3175.59
2009/11/10,3203.17,3178.61
2009/11/11,3176.31,3175.19
2009/11/12,3181.46,3172.95
2009/11/13,3164.65,3187.65
2009/11/16,3206.43,3275.05
2009/11/17,3291.04,3282.89
2009/11/18,3287.26,3303.23
2009/11/19,3311.19,3320.61
2009/11/20,3309.38,3308.35
2009/11/23,3312.97,3338.66
2009/11/24,3352.22,3223.53
2009/11/25,3214.82,3290.16
2009/11/26,3296.01,3170.98
2009/11/27,3137.3,3096.26
2009/11/30,3114.29,3195.3
2009/12/1,3191.06,3235.36
2009/12/2,3252.98,3269.75
2009/12/3,3267.99,3264.63
2009/12/4,3256.61,3317.04
2009/12/7,3313.06,3331.9
2009/12/8,3330.33,3296.66
2009/12/9,3258,3239.57
2009/12/10,3258.35,3254.26
2009/12/11,3260.45,3247.32
2009/12/14,3246.95,3302.9
2009/12/15,3283.6,3274.46
2009/12/16,3262.86,3255.21
2009/12/17,3261.61,3179.08
2009/12/18,3154.82,3113.89
2009/12/21,3108.07,3122.97
2009/12/22,3126.61,3050.52
2009/12/23,3048.2,3073.78
2009/12/24,3080.87,3153.41
2009/12/25,3149.23,3141.35
2009/12/28,3148.86,3188.78
2009/12/29,3190.17,3211.76
2009/12/30,3211.83,3262.6
2009/12/31,3265,3277.14
2010/1/4,3289.75,3243.76
2010/1/5,3254.47,3282.18
2010/1/6,3277.52,3254.22
2010/1/7,3253.99,3192.78
2010/1/8,3177.26,3196
2010/1/11,3301.61,3212.75
2010/1/12,3205.7,3273.97
2010/1/13,3204.98,3172.66
2010/1/14,3183.38,3215.55
2010/1/15,3217.19,3224.15
2010/1/18,3213.64,3237.1
2010/1/19,3242.22,3246.87
2010/1/20,3252.04,3151.85
2010/1/21,3154.19,3158.86
2010/1/22,3118.72,3128.59
2010/1/25,3103.32,3094.41
2010/1/26,3094.85,3019.39
2010/1/27,3020.54,2986.61
2010/1/28,2985.21,2994.14
2010/1/29,2979.74,2989.29
2010/2/1,2981.37,2941.36
2010/2/2,2955.75,2934.71
2010/2/3,2945.03,3003.84
2010/2/4,2983.05,2995.31
2010/2/5,2936.2,2939.4
2010/2/8,2936.45,2935.17
2010/2/9,2932.09,2948.84
2010/2/10,2967.14,2982.5
2010/2/11,2985.08,2985.5
2010/2/12,2996.09,3018.13
2010/2/22,3016.7,3003.4
2010/2/23,2998.91,2982.57
2010/2/24,2964.98,3022.18
2010/2/25,3026.66,3060.62
2010/2/26,3053.5,3051.94
2010/3/1,3057.01,3087.84
2010/3/2,3089.71,3073.11
2010/3/3,3074.1,3097.01
2010/3/4,3098.07,3023.37
2010/3/5,3026.64,3031.07
2010/3/8,3036.41,3053.23
2010/3/9,3053.26,3069.14
2010/3/10,3067.15,3048.93
2010/3/11,3050.64,3051.28
2010/3/12,3051.47,3013.41
2010/3/15,3010.72,2976.94
2010/3/16,2974.49,2992.84
2010/3/17,2999.82,3050.48
2010/3/18,3053.16,3046.09
2010/3/19,3046.75,3067.75
2010/3/22,3069.66,3074.58
2010/3/23,3076.96,3053.13
2010/3/24,3058.93,3056.81
2010/3/25,3051.36,3019.18
2010/3/26,3017.22,3059.72
2010/3/29,3076.05,3123.8
2010/3/30,3123.83,3128.47
2010/3/31,3129.57,3109.11
2010/4/1,3111.93,3147.42
2010/4/2,3154.77,3157.96
2010/4/6,3170.61,3158.68
2010/4/7,3156.31,3148.22
2010/4/8,3143.45,3118.71
2010/4/9,3118.93,3145.35
2010/4/12,3151.89,3129.26
2010/4/13,3129.69,3161.25
2010/4/14,3161.55,3166.18
2010/4/15,3168.14,3164.97
2010/4/16,3159.67,3130.3
2010/4/19,3096.78,2980.3
2010/4/20,2980.08,2979.53
2010/4/21,2984.62,3033.28
2010/4/22,3021.29,2999.48
2010/4/23,2995.57,2983.54
2010/4/26,2988.08,2969.5
2010/4/27,2962.14,2907.93
2010/4/28,2883.17,2900.33
2010/4/29,2912.2,2868.43
2010/4/30,2867.65,2870.61
2010/5/4,2821.35,2835.28
2010/5/5,2804.51,2857.15
2010/5/6,2838.95,2739.7
2010/5/7,2685.99,2688.38
2010/5/10,2690.86,2698.76
2010/5/11,2745.6,2647.57
2010/5/12,2628.02,2655.71
2010/5/13,2653.58,2710.51
2010/5/14,2692.1,2696.63
2010/5/17,2663.88,2559.93
2010/5/18,2555.14,2594.78
2010/5/19,2581.63,2587.81
2010/5/20,2571.54,2555.94
2010/5/21,2492.57,2583.52
2010/5/24,2596.32,2673.42
2010/5/25,2654.36,2622.63
2010/5/26,2620.85,2625.79
2010/5/27,2615.11,2655.92
2010/5/28,2680.4,2655.77
2010/5/31,2647.87,2592.15
2010/6/1,2577.76,2568.28
2010/6/2,2548.54,2571.42
2010/6/3,2575.77,2552.66
2010/6/4,2536.23,2553.59
2010/6/7,2508.33,2511.73
2010/6/8,2510.08,2513.95
2010/6/9,2523.88,2583.87
2010/6/10,2561.55,2562.58
2010/6/11,2574.9,2569.94
2010/6/17,2588.97,2560.24
2010/6/18,2556.6,2513.22
2010/6/21,2517.29,2586.21
2010/6/22,2579.63,2588.7
2010/6/23,2576.34,2569.87
2010/6/24,2563.64,2566.74
2010/6/25,2556.54,2552.82
2010/6/28,2550.65,2535.28
2010/6/29,2534.5,2427.05
2010/6/30,2409.54,2398.37
2010/7/1,2393.95,2373.79
2010/7/2,2371.32,2382.9
2010/7/5,2358.76,2363.95
2010/7/6,2358.28,2409.42
2010/7/7,2407.66,2421.12
2010/7/8,2429.68,2415.15
2010/7/9,2416.58,2470.92
2010/7/12,2468.54,2490.72
2010/7/13,2468.69,2450.29
2010/7/14,2456.1,2470.44
2010/7/15,2465.99,2424.3
2010/7/16,2414.68,2424.27
2010/7/19,2399.58,2475.42
2010/7/20,2477.75,2528.73
2010/7/21,2529.62,2535.39
2010/7/22,2525.98,2562.41
2010/7/23,2566.85,2572.03
2010/7/26,2576.37,2588.68
2010/7/27,2581.59,2575.37
2010/7/28,2574.32,2633.66
2010/7/29,2635.05,2648.12
2010/7/30,2642.85,2637.5
2010/8/2,2635.81,2672.52
2010/8/3,2678.79,2627
2010/8/4,2620.5,2638.52
2010/8/5,2636.24,2620.76
2010/8/6,2618.71,2658.39
2010/8/9,2656.36,2672.53
2010/8/10,2672.79,2595.27
2010/8/11,2587.61,2607.5
2010/8/12,2584.92,2575.47
2010/8/13,2576.69,2606.7
2010/8/16,2603.79,2661.71
2010/8/17,2663.18,2671.89
2010/8/18,2674.5,2666.3
2010/8/19,2669.43,2687.98
2010/8/20,2677.02,2642.31
2010/8/23,2637.82,2639.37
2010/8/24,2636.53,2650.31
2010/8/25,2634.95,2596.58
2010/8/26,2604.88,2603.48
2010/8/27,2602.5,2610.74
2010/8/30,2622.27,2652.66
2010/8/31,2644.79,2638.8
2010/9/1,2641.05,2622.88
2010/9/2,2646.89,2655.78
2010/9/3,2658.13,2655.39
2010/9/6,2667.2,2696.25
2010/9/7,2698.22,2698.36
2010/9/8,2687.71,2695.29
2010/9/9,2698.64,2656.35
2010/9/10,2657.24,2663.21
2010/9/13,2665.66,2688.32
2010/9/14,2694.07,2688.52
2010/9/15,2688.39,2652.5
2010/9/16,2646.92,2602.47
2010/9/17,2607.55,2598.69
2010/9/20,2601.48,2588.71
2010/9/21,2593.76,2591.55
2010/9/27,2600.54,2627.97
2010/9/28,2625.33,2611.35
2010/9/29,2608.92,2610.68
2010/9/30,2599.72,2655.66
2010/10/8,2681.25,2738.74
2010/10/11,2755.03,2806.94
2010/10/12,2795.76,2841.41
2010/10/13,2842.14,2861.36
2010/10/14,2881.55,2879.64
2010/10/15,2863.74,2971.16
2010/10/18,2985.46,2955.23
2010/10/19,2949.63,3001.85
2010/10/20,2947.51,3003.95
2010/10/21,3009.22,2983.53
2010/10/22,2976.75,2975.04
2010/10/25,2979.71,3051.42
2010/10/26,3065.84,3041.54
2010/10/27,3031.64,2997.05
2010/10/28,2989.29,2992.58
2010/10/29,2993.3,2978.84
2010/11/1,2986.89,3054.02
2010/11/2,3061.63,3045.43
2010/11/3,3044.02,3030.99
2010/11/4,3035.37,3086.94
2010/11/5,3129.87,3129.5
2010/11/8,3140.39,3159.51
2010/11/9,3159.02,3135
2010/11/10,3120.44,3115.36
2010/11/11,3108.51,3147.74
2010/11/12,3121.92,2985.43
2010/11/15,2984.87,3014.41
2010/11/16,3007.64,2894.54
2010/11/17,2852.48,2838.86
2010/11/18,2855.61,2865.45
2010/11/19,2879.66,2888.57
2010/11/22,2861.61,2884.37
2010/11/23,2872.17,2828.28
2010/11/24,2794.86,2859.94
2010/11/25,2875.86,2898.26
2010/11/26,2890.29,2871.7
2010/11/29,2861.15,2866.36
2010/11/30,2863.41,2820.18
2010/12/1,2810.54,2823.45
2010/12/2,2860.46,2843.61
2010/12/3,2846.72,2842.43
2010/12/6,2850.38,2857.18
2010/12/7,2843.77,2875.86
2010/12/8,2868.73,2848.55
2010/12/9,2837.61,2810.95
2010/12/10,2798.74,2841.04
2010/12/13,2850.32,2922.95
2010/12/14,2928.3,2927.08
2010/12/15,2927.26,2911.41
2010/12/16,2908.86,2898.14
2010/12/17,2896.77,2893.74
2010/12/20,2901.47,2852.92
2010/12/21,2857.59,2904.11
2010/12/22,2910.73,2877.9
2010/12/23,2874.2,2855.22
2010/12/24,2841.35,2835.16
2010/12/27,2842.81,2781.4
2010/12/28,2768.03,2732.99
2010/12/29,2735.48,2751.53
2010/12/30,2751.97,2759.57
2010/12/31,2759.16,2808.08
2011/1/4,2825.33,2852.65
2011/1/5,2833.12,2838.59
2011/1/6,2838.43,2824.2
2011/1/7,2820.66,2838.8
2011/1/10,2832.62,2791.81
2011/1/11,2783.48,2804.05
2011/1/12,2811.78,2821.3
2011/1/13,2830.53,2827.71
2011/1/14,2817.05,2791.34
2011/1/17,2772.45,2706.66
2011/1/18,2696.15,2708.98
2011/1/19,2707.82,2758.1
2011/1/20,2752.8,2677.65
2011/1/21,2668.68,2715.29
2011/1/24,2716.52,2695.72
2011/1/25,2691.69,2677.43
2011/1/26,2677.17,2708.81
2011/1/27,2690.82,2749.15
2011/1/28,2741.31,2752.75
2011/1/31,2751.53,2790.69
2011/2/1,2795.07,2798.96
2011/2/9,2778.7,2774.07
2011/2/10,2769.65,2818.16
2011/2/11,2815.12,2827.33
2011/2/14,2828.57,2899.13
2011/2/15,2900.43,2899.24
2011/2/16,2893.68,2923.9
2011/2/17,2929.26,2926.96
2011/2/18,2924.23,2899.79
2011/2/21,2886.54,2932.25
2011/2/22,2941.32,2855.52
2011/2/23,2844.99,2862.63
2011/2/24,2861.39,2878.6
2011/2/25,2876.78,2878.57
2011/2/28,2880.17,2905.05
2011/3/1,2906.28,2918.92
2011/3/2,2905.51,2913.81
2011/3/3,2918.73,2902.98
2011/3/4,2902.19,2942.31
2011/3/7,2952.72,2996.21
2011/3/8,2996.73,2999.94
2011/3/9,3002.55,3002.15
2011/3/10,2995.77,2957.14
2011/3/11,2942.42,2933.8
2011/3/14,2923.98,2937.63
2011/3/15,2927.98,2896.26
2011/3/16,2894.25,2930.8
2011/3/17,2906.95,2897.3
2011/3/18,2920.81,2906.89
2011/3/21,2913.91,2909.14
2011/3/22,2917.69,2919.14
2011/3/23,2919.02,2948.48
2011/3/24,2949.85,2946.71
2011/3/25,2948.54,2977.81
2011/3/28,2985.36,2984.01
2011/3/29,2979.86,2958.08
2011/3/30,2955.45,2955.77
2011/3/31,2954.65,2928.11
2011/4/1,2932.48,2967.41
2011/4/6,2964.21,3001.36
2011/4/7,3003.2,3007.91
2011/4/8,3005.37,3030.02
2011/4/11,3037.91,3022.75
2011/4/12,3012.8,3021.37
2011/4/13,3006.83,3050.4
2011/4/14,3049.67,3042.64
2011/4/15,3036.34,3050.53
2011/4/18,3040.53,3057.33
2011/4/19,3038.81,2999.04
2011/4/20,3005.97,3007.04
2011/4/21,3021.77,3026.67
2011/4/22,3025.7,3010.52
2011/4/25,3003.03,2964.95
2011/4/26,2956.95,2938.98
2011/4/27,2946.33,2925.41
2011/4/28,2937.95,2887.04
2011/4/29,2886.63,2911.51
2011/5/3,2911.51,2932.19
2011/5/4,2916.84,2866.02
2011/5/5,2854.77,2872.4
2011/5/6,2842.76,2863.89
2011/5/9,2868.24,2872.46
2011/5/10,2876.98,2890.63
2011/5/11,2890.35,2883.42
2011/5/12,2864.98,2844.08
2011/5/13,2846.31,2871.03
2011/5/16,2864.38,2849.07
2011/5/17,2846.45,2852.77
2011/5/18,2846.72,2872.77
2011/5/19,2879.39,2859.57
2011/5/20,2858.31,2858.46
2011/5/23,2853.29,2774.57
2011/5/24,2766.06,2767.06
2011/5/25,2764.56,2741.74
2011/5/26,2755.39,2736.53
2011/5/27,2739.39,2709.95
2011/5/30,2704.49,2706.36
2011/5/31,2707.56,2743.47
2011/6/1,2737.06,2743.57
2011/6/2,2715.32,2705.18
2011/6/3,2701.77,2728.02
2011/6/7,2720.97,2744.3
2011/6/8,2742.04,2750.29
2011/6/9,2743.54,2703.34
2011/6/10,2696.13,2705.14
2011/6/13,2687.65,2700.38
2011/6/14,2696.22,2730.04
2011/6/15,2717.68,2705.43
2011/6/16,2685.63,2664.28
2011/6/17,2661.41,2642.82
2011/6/20,2635.83,2621.25
2011/6/21,2628.02,2646.48
2011/6/22,2648.53,2649.32
2011/6/23,2640.66,2688.25
2011/6/24,2678.05,2746.21
2011/6/27,2746.79,2758.23
2011/6/28,2759.71,2759.2
2011/6/29,2757.4,2728.48
2011/6/30,2729.99,2762.08
2011/7/1,2767.83,2759.36
2011/7/4,2770.94,2812.82
2011/7/5,2812.72,2816.36
2011/7/6,2811.82,2810.48
2011/7/7,2813.19,2794.27
2011/7/8,2797.03,2797.77
2011/7/11,2789.45,2802.69
2011/7/12,2783.72,2754.58
2011/7/13,2756.03,2795.48
2011/7/14,2798.21,2810.44
2011/7/15,2803.59,2820.17
2011/7/18,2821.36,2816.69
2011/7/19,2804.92,2796.98
2011/7/20,2810.44,2794.2
2011/7/21,2795.9,2765.89
2011/7/22,2769.86,2770.79
2011/7/25,2759.63,2688.75
2011/7/26,2685.75,2703.03
2011/7/27,2690.14,2723.49
2011/7/28,2701.77,2708.78
2011/7/29,2706.5,2701.73
2011/8/1,2697.57,2703.78
2011/8/2,2689.97,2679.26
2011/8/3,2659.12,2678.49
2011/8/4,2683.19,2684.04
2011/8/5,2620.28,2626.42
2011/8/8,2599.29,2526.82
2011/8/9,2468.03,2526.07
2011/8/10,2562.39,2549.18
2011/8/11,2508.86,2581.51
2011/8/12,2593.39,2593.17
2011/8/15,2598.14,2626.77
2011/8/16,2627.85,2608.17
2011/8/17,2603.96,2601.26
2011/8/18,2601.99,2559.47
2011/8/19,2519.64,2534.36
2011/8/22,2534.57,2515.86
2011/8/23,2524.88,2554.02
2011/8/24,2562.41,2541.09
2011/8/25,2546.4,2615.26
2011/8/26,2602.21,2612.19
2011/8/29,2595.47,2576.41
2011/8/30,2592.6,2566.59
2011/8/31,2566.53,2567.34
2011/9/1,2569.8,2556.04
2011/9/2,2551.56,2528.28
2011/9/5,2510.1,2478.74
2011/9/6,2465.57,2470.52
2011/9/7,2480.94,2516.09
2011/9/8,2523.96,2498.94
2011/9/9,2506.97,2497.75
2011/9/13,2467.73,2471.3
2011/9/14,2478.59,2484.83
2011/9/15,2482.86,2479.05
2011/9/16,2490.18,2482.34
2011/9/19,2469.6,2437.8
2011/9/20,2433.72,2447.76
2011/9/21,2450.12,2512.96
2011/9/22,2491.21,2443.06
2011/9/23,2411.83,2433.16
2011/9/26,2416.23,2393.18
2011/9/27,2410.99,2415.05
2011/9/28,2427.29,2392.06
2011/9/29,2378.42,2365.34
2011/9/30,2368.4,2359.22
2011/10/10,2363.08,2344.79
2011/10/11,2401.74,2348.52
2011/10/12,2335.49,2420
2011/10/13,2412.83,2438.79
2011/10/14,2429.89,2431.38
2011/10/17,2434.49,2440.4
2011/10/18,2423.28,2383.49
2011/10/19,2387.83,2377.51
2011/10/20,2365.91,2331.37
2011/10/21,2330.51,2317.28
2011/10/24,2322.02,2370.33
2011/10/25,2366.4,2409.67
2011/10/26,2398.19,2427.48
2011/10/27,2432.47,2435.61
2011/10/28,2462.09,2473.41
2011/10/31,2470.25,2468.25
2011/11/1,2450.33,2470.02
2011/11/2,2437.87,2504.11
2011/11/3,2510.84,2508.09
2011/11/4,2525.24,2528.29
2011/11/7,2518.9,2509.8
2011/11/8,2514.26,2503.84
2011/11/9,2512.59,2524.92
2011/11/10,2498.59,2479.54
2011/11/11,2483.96,2481.08
2011/11/14,2498.67,2528.71
2011/11/15,2525.95,2529.76
2011/11/16,2529.07,2466.96
2011/11/17,2467.7,2463.05
2011/11/18,2448.39,2416.56
2011/11/21,2416.73,2415.13
2011/11/22,2400.98,2412.63
2011/11/23,2415.2,2395.07
2011/11/24,2379.15,2397.55
2011/11/25,2393.33,2380.22
2011/11/28,2383.89,2383.03
2011/11/29,2398.99,2412.39
2011/11/30,2406.33,2333.41
2011/12/1,2392.49,2386.86
2011/12/2,2374.9,2360.66
2011/12/5,2363.11,2333.23
2011/12/6,2326.66,2325.91
2011/12/7,2325.56,2332.73
2011/12/8,2329.91,2329.82
2011/12/9,2315.51,2315.27
2011/12/12,2312.15,2291.55
2011/12/13,2283.22,2248.59
2011/12/14,2241.39,2228.53
2011/12/15,2215.79,2180.89
2011/12/16,2179.51,2224.84
2011/12/19,2208.07,2218.24
2011/12/20,2209.7,2215.93
2011/12/21,2230.18,2191.15
2011/12/22,2178.57,2186.3
2011/12/23,2183.91,2204.78
2011/12/26,2193.66,2190.11
2011/12/27,2186.71,2166.2
2011/12/28,2157.65,2170.01
2011/12/29,2161.18,2173.56
2011/12/30,2177.52,2199.42
2012/1/4,2211.99,2169.39
2012/1/5,2160.9,2148.45
2012/1/6,2148.15,2163.39
2012/1/9,2164.74,2225.89
2012/1/10,2221.83,2285.74
2012/1/11,2282.91,2276.05
2012/1/12,2268.74,2275.01
2012/1/13,2277.08,2244.58
2012/1/16,2230.43,2206.19
2012/1/17,2206.53,2298.38
2012/1/18,2298.83,2266.38
2012/1/19,2266.08,2296.07
2012/1/20,2300.5,2319.12
2012/1/30,2324.49,2285.04
2012/1/31,2285.95,2292.61
2012/2/1,2288.07,2268.08
2012/2/2,2273.85,2312.56
2012/2/3,2306.66,2330.41
2012/2/6,2334.25,2331.14
2012/2/7,2319.42,2291.9
2012/2/8,2291.81,2347.53
2012/2/9,2344.22,2349.59
2012/2/10,2342.01,2351.98
2012/2/13,2332.05,2351.86
2012/2/14,2348.88,2344.77
2012/2/15,2340.45,2366.7
2012/2/16,2363.9,2356.86
2012/2/17,2366.63,2357.18
2012/2/20,2383.69,2363.6
2012/2/21,2365.49,2381.43
2012/2/22,2380.5,2403.59
2012/2/23,2401.74,2409.55
2012/2/24,2410.88,2439.63
2012/2/27,2447.41,2447.06
2012/2/28,2440.91,2451.86
2012/2/29,2446.23,2428.49
2012/3/1,2418.79,2426.11
2012/3/2,2430.1,2460.69
2012/3/5,2464.85,2445
2012/3/6,2439.78,2410.45
2012/3/7,2391.2,2394.79
2012/3/8,2401.1,2420.28
2012/3/9,2425.89,2439.46
2012/3/12,2438.55,2434.86
2012/3/13,2432.84,2455.8
2012/3/14,2464.91,2391.23
2012/3/15,2388.06,2373.77
2012/3/16,2377.76,2404.74
2012/3/19,2401.22,2410.18
2012/3/20,2407.54,2376.84
2012/3/21,2384.71,2378.2
2012/3/22,2376.99,2375.77
2012/3/23,2369.08,2349.54
2012/3/26,2349.09,2350.6
2012/3/27,2358.55,2347.18
2012/3/28,2341,2284.88
2012/3/29,2276.74,2252.16
2012/3/30,2256.04,2262.79
2012/4/5,2258.03,2302.24
2012/4/6,2299.05,2306.55
2012/4/9,2300.05,2285.78
2012/4/10,2281.02,2305.86
2012/4/11,2286.72,2308.93
2012/4/12,2310.48,2350.86
2012/4/13,2351.51,2359.16
2012/4/16,2346.31,2357.03
2012/4/17,2355.37,2334.99
2012/4/18,2341.14,2380.85
2012/4/19,2378.63,2378.63
2012/4/20,2374.66,2406.86
2012/4/23,2403.52,2388.59
2012/4/24,2380.24,2388.83
2012/4/25,2382.21,2406.81
2012/4/26,2408.56,2404.7
2012/4/27,2402.43,2396.32
2012/5/2,2421.08,2438.44
2012/5/3,2433.59,2440.08
2012/5/4,2437.47,2452.01
2012/5/7,2441.76,2451.95
2012/5/8,2451.57,2448.88
2012/5/9,2432.47,2408.59
2012/5/10,2409.95,2410.23
2012/5/11,2406.07,2394.98
2012/5/14,2408.26,2380.72
2012/5/15,2367.08,2374.84
2012/5/16,2369.3,2346.19
2012/5/17,2347.18,2378.89
2012/5/18,2364.9,2344.52
2012/5/21,2343.58,2348.3
2012/5/22,2355.73,2373.31
2012/5/23,2369.26,2363.44
2012/5/24,2359.68,2350.97
2012/5/25,2350.54,2333.55
2012/5/28,2325.32,2361.37
2012/5/29,2361,2389.64
2012/5/30,2385.39,2384.67
2012/5/31,2370.01,2372.23
2012/6/1,2373.22,2373.44
2012/6/4,2346.98,2308.55
2012/6/5,2313.74,2311.92
2012/6/6,2315.56,2309.55
2012/6/7,2324.67,2293.13
2012/6/8,2306.22,2281.45
2012/6/11,2282.89,2305.86
2012/6/12,2295.07,2289.79
2012/6/13,2289.71,2318.92
2012/6/14,2306.78,2295.95
2012/6/15,2299.78,2306.85
2012/6/18,2313.53,2316.05
2012/6/19,2313.45,2300.8
2012/6/20,2300.41,2292.88
2012/6/21,2288.45,2260.88
2012/6/25,2253.51,2224.11
2012/6/26,2214.65,2222.07
2012/6/27,2219.94,2216.93
2012/6/28,2220.24,2195.84
2012/6/29,2190.58,2225.43
2012/7/2,2234.32,2226.11
2012/7/3,2225.57,2229.19
2012/7/4,2233.34,2227.32
2012/7/5,2218.22,2201.35
2012/7/6,2203.73,2223.58
2012/7/9,2210.71,2170.81
2012/7/10,2166.95,2164.44
2012/7/11,2160.02,2175.38
2012/7/12,2172.06,2185.49
2012/7/13,2180.17,2185.89
2012/7/16,2187.89,2147.95
2012/7/17,2142.43,2161.19
2012/7/18,2159.86,2169.1
2012/7/19,2164.27,2184.84
2012/7/20,2180.01,2168.64
2012/7/23,2154.17,2141.4
2012/7/24,2132.32,2146.59
2012/7/25,2141.04,2136.15
2012/7/26,2134.99,2126
2012/7/27,2132.01,2128.76
2012/7/30,2128.16,2109.91
2012/7/31,2109.32,2103.63
2012/8/1,2101.72,2123.36
2012/8/2,2120.15,2111.18
2012/8/3,2113.96,2132.8
2012/8/6,2129.15,2154.92
2012/8/7,2153.09,2157.62
2012/8/8,2158.98,2160.99
2012/8/9,2159.43,2174.1
2012/8/10,2172.96,2168.81
2012/8/13,2164.04,2136.08
2012/8/14,2137.05,2142.53
2012/8/15,2138.28,2118.95
2012/8/16,2116.08,2112.2
2012/8/17,2111.65,2114.89
2012/8/20,2102.23,2106.96
2012/8/21,2106.38,2118.27
2012/8/22,2118.88,2107.71
2012/8/23,2106.96,2113.07
2012/8/24,2108.36,2092.1
2012/8/27,2085.37,2055.71
2012/8/28,2054.97,2073.15
2012/8/29,2066.82,2053.24
2012/8/30,2044.03,2052.59
2012/8/31,2046.29,2047.52
2012/9/3,2044.83,2059.15
2012/9/4,2060.61,2043.65
2012/9/5,2038.87,2037.68
2012/9/6,2040.67,2051.92
2012/9/7,2062.99,2127.76
2012/9/10,2128.07,2134.89
2012/9/11,2127.52,2120.55
2012/9/12,2129.69,2126.55
2012/9/13,2123.84,2110.38
2012/9/14,2127.39,2123.85
2012/9/17,2120.62,2078.5
2012/9/18,2069.34,2059.54
2012/9/19,2061.06,2067.83
2012/9/20,2060.31,2024.84
2012/9/21,2020.55,2026.69
2012/9/24,2015.77,2033.19
2012/9/25,2028.63,2029.29
2012/9/26,2027.86,2004.17
2012/9/27,2003.1,2056.32
2012/9/28,2042.89,2086.17
2012/10/8,2084.85,2074.42
2012/10/9,2081.59,2115.23
2012/10/10,2111.59,2119.94
2012/10/11,2114.23,2102.87
2012/10/12,2109.07,2104.93
2012/10/15,2105.02,2098.7
2012/10/16,2097.05,2098.81
2012/10/17,2104.28,2105.62
2012/10/18,2108.5,2131.69
2012/10/19,2129.82,2128.3
2012/10/22,2118.52,2132.76
2012/10/23,2132.11,2114.45
2012/10/24,2106.83,2115.99
2012/10/25,2114.76,2101.58
2012/10/26,2100.1,2066.21
2012/10/29,2061.85,2058.94
2012/10/30,2059.2,2062.35
2012/10/31,2061.12,2068.88
2012/11/1,2070.02,2104.43
2012/11/2,2105.45,2117.05
2012/11/5,2113.33,2114.03
2012/11/6,2113.66,2106
2012/11/7,2102.42,2105.73
2012/11/8,2091.25,2071.51
2012/11/9,2066.49,2069.07
2012/11/12,2069.21,2079.27
2012/11/13,2078.13,2047.89
2012/11/14,2047.26,2055.42
2012/11/15,2045.46,2030.29
2012/11/16,2026.56,2014.72
2012/11/19,2013.25,2016.98
2012/11/20,2020.43,2008.92
2012/11/21,2008.21,2030.32
2012/11/22,2021.21,2015.61
2012/11/23,2020.02,2027.38
2012/11/26,2023.34,2017.46
2012/11/27,2012.08,1991.16
2012/11/28,1984.48,1973.52
2012/11/29,1972.92,1963.49
2012/11/30,1961.82,1980.12
2012/12/3,1977.25,1959.77
2012/12/4,1956.62,1975.14
2012/12/5,1973.11,2031.91
2012/12/6,2029.56,2029.24
2012/12/7,2028.77,2061.79
2012/12/10,2067.32,2083.77
2012/12/11,2077.56,2074.7
2012/12/12,2073.27,2082.73
2012/12/13,2077.42,2061.48
2012/12/14,2062.69,2150.63
2012/12/17,2152.1,2160.34
2012/12/18,2155.86,2162.46
2012/12/19,2158.67,2162.24
2012/12/20,2156.19,2168.35
2012/12/21,2169.57,2153.31
2012/12/24,2150.65,2159.05
2012/12/25,2154.32,2213.61
2012/12/26,2211.59,2219.13
2012/12/27,2223.66,2205.9
2012/12/28,2207.91,2233.25
2012/12/31,2236.46,2269.13
2013/1/4,2289.51,2276.99
2013/1/7,2271.66,2285.36
2013/1/8,2284.65,2276.07
2013/1/9,2271.3,2275.34
2013/1/10,2274.38,2283.66
2013/1/11,2285.18,2243
2013/1/14,2236.29,2311.74
2013/1/15,2312.47,2325.68
2013/1/16,2322.16,2309.5
2013/1/17,2305.14,2284.91
2013/1/18,2295.81,2317.07
2013/1/21,2321.49,2328.22
2013/1/22,2326.49,2315.14
2013/1/23,2308.52,2320.91
2013/1/24,2320.26,2302.6
2013/1/25,2300,2291.3
2013/1/28,2295.35,2346.51
2013/1/29,2347.22,2358.98
2013/1/30,2360.75,2382.47
2013/1/31,2383.43,2385.42
2013/2/1,2377.41,2419.02
2013/2/4,2425.92,2428.15
2013/2/5,2411,2433.13
2013/2/6,2432.68,2434.48
2013/2/7,2430.69,2418.53
2013/2/8,2416.62,2432.4
2013/2/18,2441.91,2421.56
2013/2/19,2420.26,2382.91
2013/2/20,2383.49,2397.18
2013/2/21,2378.82,2325.95
2013/2/22,2322.94,2314.16
2013/2/25,2320.62,2325.82
2013/2/26,2313.74,2293.34
2013/2/27,2297.77,2313.22
2013/2/28,2322.32,2365.59
2013/3/1,2364.54,2359.51
2013/3/4,2332.08,2273.4
2013/3/5,2274.81,2326.31
2013/3/6,2333.61,2347.18
2013/3/7,2340.44,2324.29
2013/3/8,2326.42,2318.61
2013/3/11,2314.68,2310.59
2013/3/12,2309.16,2286.61
2013/3/13,2282.17,2263.97
2013/3/14,2255.78,2270.28
2013/3/15,2269.32,2278.4
2013/3/18,2267.29,2240.02
2013/3/19,2244.26,2257.43
2013/3/20,2257.74,2317.37
2013/3/21,2318.2,2324.24
2013/3/22,2321.4,2328.28
2013/3/25,2334.74,2326.72
2013/3/26,2318.58,2297.67
2013/3/27,2299.38,2301.26
2013/3/28,2273.55,2236.3
2013/3/29,2238.49,2236.62
2013/4/1,2229.46,2234.39
2013/4/2,2234.9,2227.74
2013/4/3,2232.69,2225.3
2013/4/8,2196.24,2211.59
2013/4/9,2215.47,2225.78
2013/4/10,2224.93,2226.13
2013/4/11,2236.98,2219.55
2013/4/12,2218.09,2206.78
2013/4/15,2199.91,2181.94
2013/4/16,2169.63,2194.85
2013/4/17,2195.03,2193.8
2013/4/18,2181.82,2197.6
2013/4/19,2201.12,2244.64
2013/4/22,2236.4,2242.17
2013/4/23,2242.62,2184.54
2013/4/24,2187.35,2218.32
2013/4/25,2213.18,2199.31
2013/4/26,2203.89,2177.91
2013/5/2,2170.78,2174.12
2013/5/3,2179.05,2205.5
2013/5/6,2212.49,2231.17
2013/5/7,2227.86,2235.57
2013/5/8,2242.39,2246.3
2013/5/9,2246.96,2232.97
2013/5/10,2228.82,2246.83
2013/5/13,2247.68,2241.92
2013/5/14,2238.9,2217.01
2013/5/15,2217.09,2224.8
2013/5/16,2221.34,2251.81
2013/5/17,2249.81,2282.87
2013/5/20,2286.33,2299.99
2013/5/21,2297.11,2305.11
2013/5/22,2303.75,2302.4
2013/5/23,2293.81,2275.67
2013/5/24,2281.45,2288.53
2013/5/27,2286.66,2293.08
2013/5/28,2293.4,2321.32
2013/5/29,2323.54,2324.02
2013/5/30,2316.25,2317.75
2013/5/31,2320.74,2300.59
2013/6/3,2300.21,2299.25
2013/6/4,2297.1,2272.42
2013/6/5,2270.71,2270.93
2013/6/6,2264.43,2242.11
2013/6/7,2242.26,2210.9
2013/6/13,2190.1,2148.36
2013/6/14,2150.06,2162.04
2013/6/17,2165.99,2156.22
2013/6/18,2158.55,2159.29
2013/6/19,2150.82,2143.45
2013/6/20,2132.81,2084.02
2013/6/21,2058.98,2073.09
2013/6/24,2068.86,1963.23
2013/6/25,1948.32,1959.51
2013/6/26,1954.47,1951.49
2013/6/27,1955.13,1950.01
2013/6/28,1935.52,1979.21
2013/7/1,1965.99,1995.24
2013/7/2,1992.89,2006.56
2013/7/3,1996.51,1994.27
2013/7/4,1982.87,2006.1
2013/7/5,2006.19,2007.2
2013/7/8,1983.21,1958.27
2013/7/9,1953.6,1965.45
2013/7/10,1962.84,2008.13
2013/7/11,2011.02,2072.99
2013/7/12,2068.04,2039.49
2013/7/15,2046.12,2059.39
2013/7/16,2054.6,2065.72
2013/7/17,2061.19,2044.92
2013/7/18,2038.4,2023.4
2013/7/19,2025.32,1992.65
2013/7/22,1977.73,2004.76
2013/7/23,2008.95,2043.88
2013/7/24,2035.69,2033.33
2013/7/25,2037.34,2021.17
2013/7/26,2013.19,2010.85
2013/7/29,1997.84,1976.31
2013/7/30,1981.45,1990.06
2013/7/31,2000.79,1993.8
2013/8/1,2000.82,2029.07
2013/8/2,2039.51,2029.42
2013/8/5,2031.72,2050.48
2013/8/6,2043.65,2060.5
2013/8/7,2056.37,2046.78
2013/8/8,2044.44,2044.89
2013/8/9,2052.24,2052.24
2013/8/12,2058.42,2101.28
2013/8/13,2101.32,2106.16
2013/8/14,2109.22,2100.14
2013/8/15,2099.28,2081.88
2013/8/16,2075.98,2068.45
2013/8/19,2055.13,2085.6
2013/8/20,2081.97,2072.59
2013/8/21,2076.27,2072.96
2013/8/22,2069.31,2067.12
2013/8/23,2075.93,2057.46
2013/8/26,2061.42,2096.47
2013/8/27,2095.44,2103.57
2013/8/28,2092.31,2101.3
2013/8/29,2108.44,2097.23
2013/8/30,2097.22,2098.38
2013/9/2,2104.09,2098.45
2013/9/3,2100.45,2123.11
2013/9/4,2121.68,2127.62
2013/9/5,2125.26,2122.43
2013/9/6,2119.33,2139.99
2013/9/9,2151.35,2212.52
2013/9/10,2214.81,2237.98
2013/9/11,2244.96,2241.27
2013/9/12,2236.17,2255.61
2013/9/13,2251.46,2236.22
2013/9/16,2244.46,2231.4
2013/9/17,2230.39,2185.56
2013/9/18,2185.94,2191.85
2013/9/23,2199.36,2221.04
2013/9/24,2219.47,2207.53
2013/9/25,2206.22,2198.51
2013/9/26,2192.23,2155.81
2013/9/27,2150.96,2160.03
2013/9/30,2167.73,2174.66
2013/10/8,2171.9,2198.2
2013/10/9,2191.39,2211.77
2013/10/10,2214.41,2190.93
2013/10/11,2201.41,2228.15
2013/10/14,2232.22,2237.77
2013/10/15,2237.93,2233.41
2013/10/16,2228.11,2193.07
2013/10/17,2201.71,2188.54
2013/10/18,2188.71,2193.78
2013/10/21,2198.11,2229.24
2013/10/22,2227.34,2210.65
2013/10/23,2213.27,2183.11
2013/10/24,2178.82,2164.32
2013/10/25,2163.69,2132.95
2013/10/28,2135.88,2133.87
2013/10/29,2135.23,2128.86
2013/10/30,2126.69,2160.46
2013/10/31,2155.51,2141.61
2013/11/1,2139.88,2149.56
2013/11/4,2156.09,2149.63
2013/11/5,2139.84,2157.24
2013/11/6,2149.39,2139.61
2013/11/7,2136.63,2129.4
2013/11/8,2120.92,2106.13
2013/11/11,2103.3,2109.47
2013/11/12,2110.72,2126.77
2013/11/13,2117.89,2087.94
2013/11/14,2087.12,2100.51
2013/11/15,2100.9,2135.83
2013/11/18,2147.37,2197.22
2013/11/19,2198.32,2193.13
2013/11/20,2201.47,2206.61
2013/11/21,2197.01,2205.77
2013/11/22,2206.47,2196.38
2013/11/25,2186.06,2186.11
2013/11/26,2184.33,2183.07
2013/11/27,2181.72,2201.07
2013/11/28,2204.38,2219.37
2013/11/29,2221.62,2220.5
2013/12/2,2203.12,2207.37
2013/12/3,2196.82,2222.67
2013/12/4,2219.97,2251.76
2013/12/5,2252.72,2247.06
2013/12/6,2242.56,2237.11
2013/12/9,2241.79,2238.2
2013/12/10,2239.86,2237.49
2013/12/11,2228.63,2204.17
2013/12/12,2199.32,2202.8
2013/12/13,2188.26,2196.07
2013/12/16,2197.23,2160.86
2013/12/17,2161.54,2151.08
2013/12/18,2150.41,2148.28
2013/12/19,2153.67,2127.79
2013/12/20,2128.37,2084.79
2013/12/23,2089.54,2089.71
2013/12/24,2094.07,2092.91
2013/12/25,2095.02,2106.35
2013/12/26,2102.66,2073.1
2013/12/27,2074.59,2101.25
2013/12/30,2108.88,2097.53
2013/12/31,2090.68,2115.98
2014/1/2,2112.13,2109.39
2014/1/3,2101.54,2083.14
2014/1/6,2078.68,2045.71
2014/1/7,2034.22,2047.32
2014/1/8,2047.26,2044.34
2014/1/9,2041.77,2027.62
2014/1/10,2023.54,2013.3
2014/1/13,2014.98,2009.56
2014/1/14,2007.16,2026.84
2014/1/15,2024.23,2023.35
2014/1/16,2022.54,2023.7
2014/1/17,2017.52,2004.95
2014/1/20,2001.89,1991.25
2014/1/21,1992.02,2008.31
2014/1/22,2009.97,2051.75
2014/1/23,2048.33,2042.18
2014/1/24,2037.67,2054.39
2014/1/27,2044.27,2033.3
2014/1/28,2036.4,2038.51
2014/1/29,2042.18,2049.91
2014/1/30,2045.93,2033.08
2014/2/7,2022.32,2044.5
2014/2/10,2049.98,2086.07
2014/2/11,2086.18,2103.67
2014/2/12,2103.83,2109.95
2014/2/13,2106.93,2098.4
2014/2/14,2097.32,2115.85
2014/2/17,2124.88,2135.41
2014/2/18,2134.14,2119.07
2014/2/19,2116.92,2142.55
2014/2/20,2152.89,2138.78
2014/2/21,2131.59,2113.69
2014/2/24,2099.72,2076.69
2014/2/25,2077.28,2034.22
2014/2/26,2026.61,2041.25
2014/2/27,2045.1,2047.35
2014/2/28,2040.62,2056.3
2014/3/3,2052.07,2075.24
2014/3/4,2068.11,2071.47
2014/3/5,2073.3,2053.08
2014/3/6,2050.03,2059.58
2014/3/7,2058.38,2057.91
2014/3/10,2042.35,1999.07
2014/3/11,1994.41,2001.16
2014/3/12,1996.24,1997.69
2014/3/13,2000.69,2019.11
2014/3/14,2008.83,2004.34
2014/3/17,2009.88,2023.67
2014/3/18,2026.22,2025.2
2014/3/19,2019.98,2021.73
2014/3/20,2017.22,1993.48
2014/3/21,1987.68,2047.62
2014/3/24,2050.83,2066.28
2014/3/25,2063.32,2067.31
2014/3/26,2070.57,2063.67
2014/3/27,2060.81,2046.59
2014/3/28,2046.85,2041.71
2014/3/31,2043.05,2033.31
2014/4/1,2031.01,2047.46
2014/4/2,2049.42,2058.99
2014/4/3,2063.5,2043.7
2014/4/4,2037.55,2058.83
2014/4/8,2054.53,2098.28
2014/4/9,2100.65,2105.24
2014/4/10,2105.88,2134.3
2014/4/11,2130.37,2130.54
2014/4/14,2127.41,2131.54
2014/4/15,2125.9,2101.6
2014/4/16,2097.21,2105.12
2014/4/17,2108.95,2098.89
2014/4/18,2091.48,2097.75
2014/4/21,2085.98,2065.83
2014/4/22,2062.79,2072.83
2014/4/23,2068.08,2067.38
2014/4/24,2064.16,2057.03
2014/4/25,2060.54,2036.52
2014/4/28,2033.34,2003.49
2014/4/29,2001.9,2020.34
2014/4/30,2020.44,2026.36
2014/5/5,2022.18,2027.35
2014/5/6,2024.26,2028.04
2014/5/7,2023.15,2010.08
2014/5/8,2006.85,2015.27
2014/5/9,2016.5,2011.13
2014/5/12,2022.93,2052.87
2014/5/13,2055.08,2050.73
2014/5/14,2049.27,2047.91
2014/5/15,2044.38,2024.97
2014/5/16,2023.6,2026.5
2014/5/19,2023.01,2005.18
2014/5/20,2011.85,2008.12
2014/5/21,2001.31,2024.95
2014/5/22,2023.15,2021.29
2014/5/23,2020.12,2034.57
2014/5/26,2042.03,2041.48
2014/5/27,2039.79,2034.57
2014/5/28,2034.56,2050.23
2014/5/29,2051.84,2040.6
2014/5/30,2040.39,2039.21
2014/6/3,2039.2,2038.31
2014/6/4,2037.99,2024.83
2014/6/5,2019.44,2040.88
2014/6/6,2040.86,2029.96
2014/6/9,2024.94,2030.5
2014/6/10,2033.21,2052.53
2014/6/11,2049.13,2054.95
2014/6/12,2051.58,2051.71
2014/6/13,2049.21,2070.72
2014/6/16,2070.7,2085.98
2014/6/17,2080.48,2066.7
2014/6/18,2064.38,2055.52
2014/6/19,2054.62,2023.73
2014/6/20,2013.41,2026.67
2014/6/23,2026.23,2024.37
2014/6/24,2023.7,2033.93
2014/6/25,2030.43,2025.5
2014/6/26,2025.66,2038.68
2014/6/27,2031.91,2036.51
2014/6/30,2038.61,2048.33
2014/7/1,2051.22,2050.38
2014/7/2,2049.49,2059.42
2014/7/3,2051.63,2063.23
2014/7/4,2062.36,2059.38
2014/7/7,2058.13,2059.93
2014/7/8,2058.13,2064.02
2014/7/9,2061.64,2038.61
2014/7/10,2036.54,2038.34
2014/7/11,2033.87,2046.96
2014/7/14,2047.74,2066.65
2014/7/15,2065.9,2070.36
2014/7/16,2068.34,2067.28
2014/7/17,2062.89,2055.59
2014/7/18,2047.5,2059.07
2014/7/21,2057.77,2054.48
2014/7/22,2050.5,2075.48
2014/7/23,2074.2,2078.49
2014/7/24,2079.63,2105.06
2014/7/25,2108.71,2126.61
2014/7/28,2135.25,2177.95
2014/7/29,2179.83,2183.19
2014/7/30,2178.18,2181.24
2014/7/31,2179.54,2201.56
2014/8/1,2194.17,2185.3
2014/8/4,2190.04,2223.33
2014/8/5,2224.63,2219.95
2014/8/6,2212,2217.47
2014/8/7,2216.66,2187.67
2014/8/8,2188.71,2194.43
2014/8/11,2199.43,2224.65
2014/8/12,2222.7,2221.59
2014/8/13,2223.05,2222.88
2014/8/14,2221.54,2206.47
2014/8/15,2207.23,2226.73
2014/8/18,2229.8,2239.47
2014/8/19,2242.34,2245.33
2014/8/20,2241.66,2240.21
2014/8/21,2239.57,2230.46
2014/8/22,2228.97,2240.81
2014/8/25,2241.1,2229.27
2014/8/26,2225.29,2207.11
2014/8/27,2207.03,2209.47
2014/8/28,2210.48,2195.82
2014/8/29,2198.95,2217.2
2014/9/1,2220.13,2235.51
2014/9/2,2239.68,2266.05
2014/9/3,2268.39,2288.63
2014/9/4,2290.03,2306.86
2014/9/5,2311.3,2326.43
2014/9/9,2328.43,2326.53
2014/9/10,2318.5,2318.3
2014/9/11,2315.73,2311.68
2014/9/12,2308.35,2331.95
2014/9/15,2330.19,2339.14
2014/9/16,2341.03,2296.55
2014/9/17,2298.98,2307.89
2014/9/18,2303.85,2315.93
2014/9/19,2312.98,2329.45
2014/9/22,2323.55,2289.87
2014/9/23,2289.09,2309.72
2014/9/24,2302.23,2343.57
2014/9/25,2352.86,2345.1
2014/9/26,2339.29,2347.72
2014/9/29,2353.71,2357.71
2014/9/30,2361.32,2363.87
2014/10/8,2368.58,2382.79
2014/10/9,2383.86,2389.37
2014/10/10,2380.76,2374.54
2014/10/13,2366.43,2366.01
2014/10/14,2362.8,2359.47
2014/10/15,2358.23,2373.67
2014/10/16,2361.13,2356.5
2014/10/17,2352.78,2341.18
2014/10/20,2346.05,2356.73
2014/10/21,2355.03,2339.66
2014/10/22,2339.22,2326.55
2014/10/23,2322.32,2302.42
2014/10/24,2303.08,2302.28
2014/10/27,2293.57,2290.44
2014/10/28,2294.01,2337.87
2014/10/29,2343.72,2373.03
2014/10/30,2371.89,2391.08
2014/10/31,2393.18,2420.18
2014/11/3,2425.22,2430.03
2014/11/4,2428.27,2430.68
2014/11/5,2432.17,2419.25
2014/11/6,2419.62,2425.86
2014/11/7,2427.9,2418.17
2014/11/10,2436.63,2473.67
2014/11/11,2483.65,2469.67
2014/11/12,2454.6,2494.48
2014/11/13,2495,2485.61
2014/11/14,2477.97,2478.82
2014/11/17,2506.86,2474.01
2014/11/18,2474.18,2456.37
2014/11/19,2452.15,2450.99
2014/11/20,2443.28,2452.66
2014/11/21,2452.64,2486.79
2014/11/24,2505.53,2532.88
2014/11/25,2532,2567.6
2014/11/26,2572.65,2604.34
2014/11/27,2615.37,2630.49
2014/11/28,2629.63,2682.84
2014/12/1,2691.72,2680.16
2014/12/2,2667.82,2763.55
2014/12/3,2768.68,2779.53
2014/12/4,2783.47,2899.46
2014/12/5,2926.57,2937.65
2014/12/8,2907.82,3020.26
2014/12/9,2992.49,2856.27
2014/12/10,2855.94,2940.01
2014/12/11,2912.35,2925.74
2014/12/12,2929.36,2938.17
2014/12/15,2921.45,2953.42
2014/12/16,2953.81,3021.52
2014/12/17,3031.95,3061.02
2014/12/18,3062.8,3057.52
2014/12/19,3053.07,3108.6
2014/12/22,3129.27,3127.45
2014/12/23,3085.08,3032.61
2014/12/24,3039.21,2972.53
2014/12/25,2992.46,3072.54
2014/12/26,3078.01,3157.6
2014/12/29,3212.56,3168.02
2014/12/30,3160.8,3165.82
2014/12/31,3172.6,3234.68
2015/1/5,3258.63,3350.52
2015/1/6,3330.8,3351.45
2015/1/7,3326.65,3373.95
2015/1/8,3371.96,3293.46
2015/1/9,3276.97,3285.41
2015/1/12,3258.21,3229.32
2015/1/13,3223.54,3235.3
2015/1/14,3242.34,3222.44
2015/1/15,3224.07,3336.45
2015/1/16,3343.6,3376.49
2015/1/19,3189.73,3116.35
2015/1/20,3114.56,3173.05
2015/1/21,3189.09,3323.61
2015/1/22,3327.32,3343.34
2015/1/23,3357.1,3351.76
2015/1/26,3347.26,3383.18
2015/1/27,3389.85,3352.96
2015/1/28,3325.72,3305.74
2015/1/29,3259,3262.3
2015/1/30,3273.75,3210.36
2015/2/2,3148.14,3128.3
2015/2/3,3156.09,3204.91
2015/2/4,3212.82,3174.13
2015/2/5,3251.21,3136.53
2015/2/6,3120.09,3075.91
2015/2/9,3063.51,3095.12
2015/2/10,3090.49,3141.59
2015/2/11,3145.76,3157.7
2015/2/12,3157.96,3173.42
2015/2/13,3186.81,3203.83
2015/2/16,3206.14,3222.36
2015/2/17,3230.88,3246.91
2015/2/25,3256.48,3228.84
2015/2/26,3222.15,3298.36
2015/2/27,3296.83,3310.3
2015/3/2,3332.72,3336.28
2015/3/3,3317.7,3263.05
2015/3/4,3264.18,3279.53
2015/3/5,3264.09,3248.48
2015/3/6,3248.04,3241.19
2015/3/9,3224.31,3302.41
2015/3/10,3289.09,3286.07
2015/3/11,3289.59,3290.9
2015/3/12,3314.81,3349.32
2015/3/13,3359.49,3372.91
2015/3/16,3391.16,3449.3
2015/3/17,3469.6,3502.85
2015/3/18,3510.5,3577.3
2015/3/19,3576.02,3582.27
2015/3/20,3587.08,3617.32
2015/3/23,3640.1,3687.73
2015/3/24,3692.57,3691.41
2015/3/25,3680.95,3660.73
2015/3/26,3641.94,3682.09
2015/3/27,3686.13,3691.1
2015/3/30,3710.61,3786.57
2015/3/31,3822.99,3747.9
2015/4/1,3748.34,3810.29
2015/4/2,3827.69,3825.78
2015/4/3,3803.38,3863.93
2015/4/7,3899.42,3961.38
2015/4/8,3976.53,3994.81
2015/4/9,4006.13,3957.53
2015/4/10,3947.49,4034.31
2015/4/13,4072.72,4121.72
2015/4/14,4125.78,4135.56
2015/4/15,4135.65,4084.16
2015/4/16,4055.92,4194.82
2015/4/17,4254.72,4287.3
2015/4/20,4301.35,4217.08
2015/4/21,4212.19,4293.62
2015/4/22,4304.6,4398.49
2015/4/23,4414.48,4414.51
2015/4/24,4355.95,4393.69
2015/4/27,4441.93,4527.4
2015/4/28,4527.64,4476.22
2015/4/29,4446.12,4476.62
2015/4/30,4483.01,4441.65
2015/5/4,4441.34,4480.46
2015/5/5,4479.85,4298.71
2015/5/6,4311.64,4229.27
2015/5/7,4197.9,4112.21
2015/5/8,4152.98,4205.92
2015/5/11,4231.27,4333.58
2015/5/12,4342.37,4401.22
2015/5/13,4402.38,4375.76
2015/5/14,4372.82,4378.31
2015/5/15,4366.82,4308.69
2015/5/18,4277.9,4283.49
2015/5/19,4285.78,4417.55
2015/5/20,4434.98,4446.29
2015/5/21,4456.44,4529.42
2015/5/22,4584.98,4657.6
2015/5/25,4660.07,4813.8
2015/5/26,4854.85,4910.9
2015/5/27,4932.85,4941.71
2015/5/28,4943.74,4620.27
2015/5/29,4603.47,4611.74
2015/6/1,4633.1,4828.74
2015/6/2,4844.7,4910.53
2015/6/3,4924.38,4909.98
2015/6/4,4912.94,4947.1
2015/6/5,5016.09,5023.1
2015/6/8,5045.69,5131.88
2015/6/9,5145.98,5113.53
2015/6/10,5049.2,5106.04
2015/6/11,5101.44,5121.59
2015/6/12,5143.34,5166.35
2015/6/15,5174.42,5062.99
2015/6/16,5004.41,4887.43
2015/6/17,4890.55,4967.9
2015/6/18,4942.52,4785.36
2015/6/19,4689.93,4478.36
2015/6/23,4471.61,4576.49
2015/6/24,4604.58,4690.15
2015/6/25,4711.76,4527.78
2015/6/26,4399.93,4192.87
2015/6/29,4289.77,4053.03
2015/6/30,4006.75,4277.22
2015/7/1,4214.15,4053.7
2015/7/2,4058.62,3912.77
2015/7/3,3793.71,3686.91
2015/7/6,3975.21,3775.91
2015/7/7,3654.78,3727.13
2015/7/8,3467.4,3507.19
2015/7/9,3432.45,3709.33
2015/7/10,3707.46,3877.8
2015/7/13,3918.99,3970.39
2015/7/14,3958.37,3924.49
2015/7/15,3874.97,3805.7
2015/7/16,3758.51,3823.18
2015/7/17,3831.42,3957.35
2015/7/20,3948.42,3992.11
2015/7/21,3939.9,4017.68
2015/7/22,3996.43,4026.05
2015/7/23,4022.27,4123.92
2015/7/24,4124.76,4070.91
2015/7/27,3985.57,3725.56
2015/7/28,3573.14,3663
2015/7/29,3689.82,3789.17
2015/7/30,3773.79,3705.77
2015/7/31,3655.67,3663.73
2015/8/3,3614.99,3622.91
2015/8/4,3621.86,3756.55
2015/8/5,3745.65,3694.57
2015/8/6,3625.5,3661.54
2015/8/7,3692.61,3744.2
2015/8/10,3786.03,3928.41
2015/8/11,3928.81,3927.91
2015/8/12,3881.23,3886.32
2015/8/13,3869.91,3954.56
2015/8/14,3976.41,3965.34
2015/8/17,3947.84,3993.67
2015/8/18,3999.13,3748.16
2015/8/19,3646.8,3794.11
2015/8/20,3754.57,3664.29
2015/8/21,3609.96,3507.74
2015/8/24,3373.48,3209.91
2015/8/25,3004.13,2964.97
2015/8/26,2980.79,2927.29
2015/8/27,2978.03,3083.59
2015/8/28,3125.26,3232.35
2015/8/31,3203.56,3205.99
2015/9/1,3157.83,3166.62
2015/9/2,3027.68,3160.17
2015/9/7,3149.38,3080.42
2015/9/8,3054.44,3170.45
2015/9/9,3182.55,3243.09
2015/9/10,3190.55,3197.89
2015/9/11,3189.48,3200.23
2015/9/14,3221.16,3114.8
2015/9/15,3043.8,3005.17
2015/9/16,2998.04,3152.26
2015/9/17,3131.98,3086.06
2015/9/18,3100.28,3097.92
2015/9/21,3072.09,3156.54
2015/9/22,3161.32,3185.62
2015/9/23,3137.72,3115.89
2015/9/24,3126.49,3142.69
2015/9/25,3130.85,3092.35
2015/9/28,3085.57,3100.76
2015/9/29,3055.22,3038.14
2015/9/30,3052.84,3052.78
2015/10/8,3156.07,3143.36
2015/10/9,3146.64,3183.15
2015/10/12,3193.54,3287.66
2015/10/13,3262.16,3293.23
2015/10/14,3280.02,3262.44
2015/10/15,3255.03,3338.07
2015/10/16,3358.3,3391.35
2015/10/19,3401.63,3386.7
2015/10/20,3377.55,3425.33
2015/10/21,3428.56,3320.68
2015/10/22,3292.29,3368.74
2015/10/23,3377.55,3412.43
2015/10/26,3448.65,3429.58
2015/10/27,3409.14,3434.34
2015/10/28,3417.01,3375.2
2015/10/29,3387.77,3387.32
2015/10/30,3380.28,3382.56
2015/11/2,3337.58,3325.09
2015/11/3,3330.32,3316.7
2015/11/4,3325.62,3459.64
2015/11/5,3459.22,3522.82
2015/11/6,3514.44,3590.03
2015/11/9,3588.5,3646.88
2015/11/10,3617.4,3640.49
2015/11/11,3635,3650.25
2015/11/12,3656.82,3632.9
2015/11/13,3600.76,3580.84
2015/11/16,3522.46,3606.96
2015/11/17,3629.98,3604.8
2015/11/18,3605.06,3568.47
2015/11/19,3573.78,3617.06
2015/11/20,3620.79,3630.5
2015/11/23,3630.87,3610.32
2015/11/24,3602.89,3616.11
2015/11/25,3614.07,3647.93
2015/11/26,3659.57,3635.55
2015/11/27,3616.54,3436.3
2015/11/30,3433.86,3445.41
2015/12/1,3442.44,3456.31
2015/12/2,3450.28,3536.91
2015/12/3,3525.73,3584.82
2015/12/4,3558.15,3524.99
2015/12/7,3529.81,3536.93
2015/12/8,3518.65,3470.07
2015/12/9,3462.58,3472.44
2015/12/10,3469.81,3455.49
2015/12/11,3441.6,3434.58
2015/12/14,3403.51,3520.67
2015/12/15,3518.13,3510.35
2015/12/16,3522.09,3516.19
2015/12/17,3533.63,3580
2015/12/18,3574.94,3578.96
2015/12/21,3568.58,3642.47
2015/12/22,3645.99,3651.77
2015/12/23,3653.28,3636.09
2015/12/24,3631.31,3612.49
2015/12/25,3614.05,3627.91
2015/12/28,3635.77,3533.78
2015/12/29,3528.39,3563.74
2015/12/30,3566.73,3572.88
2015/12/31,3570.47,3539.18
2016/1/4,3536.59,3296.26
2016/1/5,3196.65,3287.71
2016/1/6,3291.2,3361.84
2016/1/7,3309.66,3125
2016/1/8,3194.63,3186.41
2016/1/11,3131.85,3016.7
2016/1/12,3026.16,3022.86
2016/1/13,3041.11,2949.6
2016/1/14,2874.05,3007.65
2016/1/15,2988.05,2900.97
2016/1/18,2847.54,2913.84
2016/1/19,2914.41,3007.74
2016/1/20,2993.01,2976.69
2016/1/21,2934.39,2880.48
2016/1/22,2911.11,2916.56
2016/1/25,2934.08,2938.51
2016/1/26,2907.72,2749.79
2016/1/27,2756.08,2735.56
2016/1/28,2711.16,2655.66
2016/1/29,2652.85,2737.6
2016/2/1,2730.98,2688.85
2016/2/2,2687.98,2749.57
2016/2/3,2719.57,2739.25
2016/2/4,2751.43,2781.02
2016/2/5,2783.08,2763.49
2016/2/15,2684.96,2746.2
2016/2/16,2758.58,2836.57
2016/2/17,2829.76,2867.34
2016/2/18,2881.78,2862.89
2016/2/19,2854.9,2860.02
2016/2/22,2888.6,2927.18
2016/2/23,2925.71,2903.33
2016/2/24,2889.88,2928.9
2016/2/25,2922.24,2741.25
2016/2/26,2760.06,2767.21
2016/2/29,2754.81,2687.98
2016/3/1,2688.38,2733.17
2016/3/2,2733.77,2849.68
2016/3/3,2847.33,2859.76
2016/3/4,2848.54,2874.15
2016/3/7,2886.64,2897.34
2016/3/8,2895.67,2901.39
2016/3/9,2839.41,2862.56
2016/3/10,2847.57,2804.73
2016/3/11,2781.6,2810.31
2016/3/14,2830.08,2859.5
2016/3/15,2853.98,2864.37
2016/3/16,2858.71,2870.43
2016/3/17,2875.41,2904.83
2016/3/18,2915.52,2955.15
2016/3/21,2978.46,3018.8
2016/3/22,3001.63,2999.36
2016/3/23,2991.17,3009.96
2016/3/24,2986.8,2960.97
2016/3/25,2956.2,2979.43
2016/3/28,2988.01,2957.82
2016/3/29,2956.71,2919.83
2016/3/30,2941.22,3000.64
2016/3/31,3009.37,3003.92
2016/4/1,2997.09,3009.53
2016/4/5,3000.94,3053.07
2016/4/6,3039.74,3050.59
2016/4/7,3058.34,3008.42
2016/4/8,2988.2,2984.96
2016/4/11,3006.91,3033.96
2016/4/12,3031.3,3023.65
2016/4/13,3041.36,3066.64
2016/4/14,3080.09,3082.36
2016/4/15,3085.03,3078.12
2016/4/18,3058.46,3033.66
2016/4/19,3047.13,3042.82
2016/4/20,3050.38,2972.58
2016/4/21,2954.37,2952.89
2016/4/22,2933.03,2959.24
2016/4/25,2949.97,2946.67
2016/4/26,2944.72,2964.7
2016/4/27,2967.19,2953.67
2016/4/28,2955.74,2945.59
2016/4/29,2935.38,2938.32
2016/5/3,2940.39,2992.64
2016/5/4,2983.03,2991.27
2016/5/5,2987.02,2997.84
2016/5/6,2998.4,2913.25
2016/5/9,2896.16,2832.11
2016/5/10,2822.33,2832.59
2016/5/11,2843.54,2837.04
2016/5/12,2812.11,2835.86
2016/5/13,2828.46,2827.11
2016/5/16,2816.78,2850.86
2016/5/17,2850.93,2843.68
2016/5/18,2828.18,2807.51
2016/5/19,2802.31,2806.91
2016/5/20,2792.89,2825.48
2016/5/23,2826.31,2843.64
2016/5/24,2839.68,2821.67
2016/5/25,2835.03,2815.09
2016/5/26,2813.54,2822.44
2016/5/27,2817.97,2821.05
2016/5/30,2814.65,2822.45
2016/5/31,2822.59,2916.62
2016/6/1,2917.15,2913.51
2016/6/2,2911.22,2925.23
2016/6/3,2929.79,2938.68
2016/6/6,2940.99,2934.1
2016/6/7,2936.28,2936.04
2016/6/8,2932.38,2927.16
2016/6/13,2897.27,2833.07
2016/6/14,2824.23,2842.19
2016/6/15,2814.69,2887.21
2016/6/16,2878.4,2872.82
2016/6/17,2873.01,2885.11
2016/6/20,2887.64,2888.81
2016/6/21,2898.38,2878.56
2016/6/22,2872.73,2905.55
2016/6/23,2902.4,2891.96
2016/6/24,2883.76,2854.29
2016/6/27,2840.56,2895.7
2016/6/28,2885.01,2912.56
2016/6/29,2918.53,2931.59
2016/6/30,2931.48,2929.61
2016/7/1,2931.8,2932.48
2016/7/4,2924.29,2988.6
2016/7/5,2991.75,3006.39
2016/7/6,2998.52,3017.29
2016/7/7,3009.35,3016.85
2016/7/8,3000.33,2988.09
2016/7/11,2993.75,2994.92
2016/7/12,2992.52,3049.38
2016/7/13,3049.51,3060.69
2016/7/14,3054.97,3054.02
2016/7/15,3056.68,3054.3
2016/7/18,3047.64,3043.56
2016/7/19,3040.23,3036.6
2016/7/20,3034.71,3027.9
2016/7/21,3027.6,3039.01
2016/7/22,3038.12,3012.82
2016/7/25,3008.09,3015.83
2016/7/26,3014.04,3050.17
2016/7/27,3050.37,2992
2016/7/28,2980.5,2994.32
2016/7/29,2992.54,2979.34
2016/8/1,2971.95,2953.39
2016/8/2,2950.08,2971.28
2016/8/3,2963.21,2978.46
2016/8/4,2976.41,2982.43
2016/8/5,2978.78,2976.7
2016/8/8,2972.62,3004.28
2016/8/9,3001.31,3025.68
2016/8/10,3023.47,3018.75
2016/8/11,3013.68,3002.64
2016/8/12,3000.27,3050.67
2016/8/15,3056.48,3125.2
2016/8/16,3130.53,3110.04
2016/8/17,3106.99,3109.55
2016/8/18,3107.75,3104.11
2016/8/19,3100.39,3108.1
2016/8/22,3107.38,3084.81
2016/8/23,3081.57,3089.71
2016/8/24,3092.02,3085.88
2016/8/25,3073.44,3068.33
2016/8/26,3069.85,3070.31
2016/8/29,3068.46,3070.03
2016/8/30,3071.44,3074.68
2016/8/31,3072.92,3085.49
2016/9/1,3083.96,3063.31
2016/9/2,3057.49,3067.35
2016/9/5,3070.71,3072.1
2016/9/6,3071.06,3090.71
2016/9/7,3091.33,3091.93
2016/9/8,3089.95,3095.95
2016/9/9,3095.43,3078.85
2016/9/12,3037.51,3021.98
2016/9/13,3025.03,3023.51
2016/9/14,3008.9,3002.85
2016/9/19,3005.32,3026.05
2016/9/20,3027.17,3023
2016/9/21,3021.58,3025.87
2016/9/22,3038.42,3042.31
2016/9/23,3044.79,3033.9
2016/9/26,3028.24,2980.43
2016/9/27,2974.59,2998.17
2016/9/28,3000.7,2987.86
2016/9/29,2992.17,2998.48
2016/9/30,2994.25,3004.7
2016/10/10,3020.46,3048.14
2016/10/11,3051.62,3065.25
2016/10/12,3057.32,3058.5
2016/10/13,3057.97,3061.35
2016/10/14,3056.99,3063.81
2016/10/17,3064.69,3041.17
2016/10/18,3037.4,3083.88
2016/10/19,3085.75,3084.72
2016/10/20,3084.91,3084.46
2016/10/21,3081.39,3090.94
2016/10/24,3092.05,3128.25
2016/10/25,3127.97,3131.94
2016/10/26,3129.84,3116.31
2016/10/27,3112.6,3112.35
2016/10/28,3111.7,3104.27
2016/10/31,3097.19,3100.49
2016/11/1,3101.66,3122.44
2016/11/2,3115.73,3102.73
2016/11/3,3096.76,3128.94
2016/11/4,3126.35,3125.32
2016/11/7,3124.89,3133.33
2016/11/8,3140.94,3147.89
2016/11/9,3146.08,3128.37
2016/11/10,3148.54,3171.28
2016/11/11,3169.4,3196.04
2016/11/14,3187.71,3210.37
2016/11/15,3209.95,3206.99
2016/11/16,3208.5,3205.06
2016/11/17,3198.5,3208.45
2016/11/18,3207.19,3192.86
2016/11/21,3188.5,3218.15
2016/11/22,3220.98,3248.35
2016/11/23,3247.94,3241.14
2016/11/24,3237.43,3241.74
2016/11/25,3241.24,3261.94
2016/11/28,3270.05,3277
2016/11/29,3269.23,3282.92
2016/11/30,3272.14,3250.03
2016/12/1,3257.03,3273.31
2016/12/2,3270.12,3243.84
2016/12/5,3203.78,3204.71
2016/12/6,3202.03,3199.65
2016/12/7,3198.47,3222.24
2016/12/8,3225.55,3215.37
2016/12/9,3209.34,3232.88
2016/12/12,3233.67,3152.97
2016/12/13,3138.99,3155.04
2016/12/14,3149.38,3140.53
2016/12/15,3125.76,3117.68
2016/12/16,3111.51,3122.98
2016/12/19,3120.7,3118.08
2016/12/20,3115.9,3102.88
2016/12/21,3107.24,3137.43
2016/12/22,3132.16,3139.56
2016/12/23,3134.93,3110.15
2016/12/26,3095.58,3122.57
2016/12/27,3117.39,3114.66
2016/12/28,3113.77,3102.24
2016/12/29,3095.84,3096.1
2016/12/30,3097.35,3103.64
2017/1/3,3105.31,3135.92
2017/1/4,3133.79,3158.79
2017/1/5,3157.91,3165.41
2017/1/6,3163.78,3154.32
2017/1/9,3148.53,3171.24
2017/1/10,3167.57,3161.67
2017/1/11,3156.69,3136.75
2017/1/12,3133.6,3119.29
2017/1/13,3116.08,3112.76
2017/1/16,3104.49,3103.43
2017/1/17,3087.03,3108.77
2017/1/18,3104.77,3113.01
2017/1/19,3104.97,3101.3
2017/1/20,3095.82,3123.14
2017/1/23,3125.42,3136.77
2017/1/24,3134.59,3142.55
2017/1/25,3137.65,3149.55
2017/1/26,3149.22,3159.17
2017/2/3,3160.08,3140.17
2017/2/6,3143.09,3156.98
2017/2/7,3154.4,3153.09
2017/2/8,3148.09,3166.98
2017/2/9,3164.69,3183.18
2017/2/10,3183.01,3196.7
2017/2/13,3198.99,3216.84
2017/2/14,3216.14,3217.93
2017/2/15,3215.46,3212.99
2017/2/16,3210.36,3229.62
2017/2/17,3227.71,3202.08
2017/2/20,3198.96,3239.96
2017/2/21,3242.22,3253.33
2017/2/22,3252.69,3261.22
2017/2/23,3258.83,3251.38
2017/2/24,3246.86,3253.43
2017/2/27,3249.19,3228.66
2017/2/28,3225.97,3241.73
2017/3/1,3240.07,3246.93
2017/3/2,3250.52,3230.03
2017/3/3,3219.2,3218.31
2017/3/6,3217.33,3233.87
2017/3/7,3233.09,3242.41
2017/3/8,3240.53,3240.66
2017/3/9,3233.7,3216.75
2017/3/10,3213.73,3212.76
2017/3/13,3209.45,3237.02
2017/3/14,3235.25,3239.33
2017/3/15,3235.4,3241.76
2017/3/16,3247.16,3268.94
2017/3/17,3271.87,3237.45
2017/3/20,3241.11,3250.81
2017/3/21,3250.25,3261.61
2017/3/22,3246.22,3245.22
2017/3/23,3245.81,3248.55
2017/3/24,3247.35,3269.45
2017/3/27,3268.92,3266.96
2017/3/28,3265.63,3252.95
2017/3/29,3252.87,3241.31
2017/3/30,3235.14,3210.24
2017/3/31,3206.25,3222.51
2017/4/5,3235.66,3270.31
2017/4/6,3272.19,3281
2017/4/7,3280.62,3286.62
2017/4/10,3285.46,3269.39
2017/4/11,3266.22,3288.97
2017/4/12,3283.84,3273.83
2017/4/13,3265.22,3275.96
2017/4/14,3276.14,3246.07
2017/4/17,3229.95,3222.17
2017/4/18,3215.4,3196.71
2017/4/19,3184.67,3170.69
2017/4/20,3165.66,3172.1
2017/4/21,3170.29,3173.15
2017/4/24,3164.25,3129.53
2017/4/25,3123.89,3134.57
2017/4/26,3132.92,3140.85
2017/4/27,3131.35,3152.19
2017/4/28,3144.02,3154.66
2017/5/2,3147.23,3143.71
2017/5/3,3138.31,3135.35
2017/5/4,3127.11,3127.37
2017/5/5,3114.77,3103.04
2017/5/8,3090.07,3078.61
2017/5/9,3064.85,3080.53
2017/5/10,3078.17,3052.78
2017/5/11,3036.79,3061.5
2017/5/12,3054.11,3083.51
2017/5/15,3085.93,3090.23
2017/5/16,3082.87,3112.96
2017/5/17,3107.8,3104.44
2017/5/18,3082.33,3090.14
2017/5/19,3086.71,3090.63
2017/5/22,3087.17,3075.68
2017/5/23,3069.39,3061.95
2017/5/24,3047.57,3064.08
2017/5/25,3055.34,3107.83
2017/5/26,3101.29,3110.06
2017/5/31,3125.33,3117.18
2017/6/1,3108.42,3102.62
2017/6/2,3094.23,3105.54
2017/6/5,3102.11,3091.66
2017/6/6,3084.54,3102.13
2017/6/7,3101.76,3140.32
2017/6/8,3136.47,3150.33
2017/6/9,3147.45,3158.4
2017/6/12,3149.53,3139.88
2017/6/13,3134.01,3153.74
2017/6/14,3146.75,3130.67
2017/6/15,3125.59,3132.49
2017/6/16,3126.37,3123.17
2017/6/19,3122.16,3144.37
2017/6/20,3148.02,3140.01
2017/6/21,3148.99,3156.21
2017/6/22,3152.24,3147.45
2017/6/23,3138.44,3157.87
2017/6/26,3157,3185.44
2017/6/27,3183.42,3191.2
2017/6/28,3183.63,3173.2
2017/6/29,3174.98,3188.06
2017/6/30,3176.95,3192.43
2017/7/3,3192,3195.91
2017/7/4,3192.89,3182.8
2017/7/5,3179.22,3207.13
2017/7/6,3203.86,3212.44
2017/7/7,3203.82,3217.96
2017/7/10,3208.46,3212.63
2017/7/11,3201.52,3203.04
2017/7/12,3201.93,3197.54
2017/7/13,3192.36,3218.16
2017/7/14,3212.03,3222.42
2017/7/17,3219.79,3176.46
2017/7/18,3159.73,3187.57
2017/7/19,3181.4,3230.98
2017/7/20,3227.51,3244.86
2017/7/21,3236.59,3237.98
2017/7/24,3230.9,3250.6
2017/7/25,3249.14,3243.69
2017/7/26,3244.46,3247.67
2017/7/27,3243.76,3249.78
2017/7/28,3240.17,3253.24
2017/7/31,3252.75,3273.03
2017/8/1,3274.37,3292.64
2017/8/2,3288.52,3285.06
2017/8/3,3279.99,3272.93
2017/8/4,3269.32,3262.08
2017/8/7,3257.67,3279.46
2017/8/8,3277.19,3281.87
2017/8/9,3277.81,3275.57
2017/8/10,3269.73,3261.75
2017/8/11,3237.92,3208.54
2017/8/14,3206.04,3237.36
2017/8/15,3235.23,3251.26
2017/8/16,3247.85,3246.45
2017/8/17,3253.85,3268.43
2017/8/18,3253.24,3268.72
2017/8/21,3274.58,3286.91
2017/8/22,3287.61,3290.23
2017/8/23,3283.8,3287.7
2017/8/24,3287.96,3271.51
2017/8/25,3271.46,3331.52
2017/8/28,3336.13,3362.65
2017/8/29,3362.06,3365.23
2017/8/30,3361.82,3363.63
2017/8/31,3361.46,3360.81
2017/9/1,3365.99,3367.12
2017/9/4,3369.72,3379.58
2017/9/5,3377.2,3384.32
2017/9/6,3372.43,3385.39
2017/9/7,3383.63,3365.5
2017/9/8,3364.43,3365.24
2017/9/11,3365.35,3376.42
2017/9/12,3381.49,3379.49
2017/9/13,3374.72,3384.15
2017/9/14,3383.47,3371.43
2017/9/15,3365.15,3353.62
2017/9/18,3352.51,3362.86
2017/9/19,3365.53,3356.84
2017/9/20,3352.18,3366
2017/9/21,3364.7,3357.81
2017/9/22,3347.16,3352.53
2017/9/25,3344.59,3341.55
2017/9/26,3336.35,3343.58
2017/9/27,3340.82,3345.27
2017/9/28,3343.84,3339.64
2017/9/29,3340.31,3348.94
2017/10/9,3403.25,3374.38
2017/10/10,3373.34,3382.99
2017/10/11,3381.49,3388.28
2017/10/12,3385.53,3386.1
2017/10/13,3384.49,3390.52
2017/10/16,3393.21,3378.47
2017/10/17,3373.23,3372.04
2017/10/18,3373.53,3381.79
2017/10/19,3374.64,3370.17
2017/10/20,3363.51,3378.65
2017/10/23,3382.28,3380.7
2017/10/24,3376.6,3388.25
2017/10/25,3384.86,3396.9
2017/10/26,3397.52,3407.57
2017/10/27,3404.5,3416.81
2017/10/30,3413.87,3390.34
2017/10/31,3381,3393.34
2017/11/1,3393.97,3395.91
2017/11/2,3391.65,3383.31
2017/11/3,3377.74,3371.74
2017/11/6,3369.68,3388.17
2017/11/7,3389.47,3413.57
2017/11/8,3409.15,3415.46
2017/11/9,3410.67,3427.79
2017/11/10,3423.18,3432.67
2017/11/13,3435.18,3447.84
2017/11/14,3446.55,3429.55
2017/11/15,3416.21,3402.52
2017/11/16,3393.19,3399.25
2017/11/17,3392.68,3382.91
2017/11/20,3361.36,3392.4
2017/11/21,3382.36,3410.5
2017/11/22,3417.33,3430.46
2017/11/23,3425.01,3351.92
2017/11/24,3340.38,3353.82
2017/11/27,3346.66,3322.23
2017/11/28,3311.23,3333.66
2017/11/29,3335.57,3337.86
2017/11/30,3328.64,3317.19
2017/12/1,3315.11,3317.62
2017/12/4,3310.38,3309.62
2017/12/5,3301.69,3303.68
2017/12/6,3291.31,3293.96
2017/12/7,3283.28,3272.05
2017/12/8,3264.48,3289.99
2017/12/11,3290.49,3322.2
2017/12/12,3320.31,3280.81
2017/12/13,3278.4,3303.04
2017/12/14,3302.93,3292.44
2017/12/15,3287.53,3266.14
2017/12/18,3268.03,3267.92
2017/12/19,3266.02,3296.54
2017/12/20,3296.74,3287.61
2017/12/21,3281.12,3300.06
2017/12/22,3297.69,3297.06
2017/12/25,3296.21,3280.46
2017/12/26,3277.84,3306.12
2017/12/27,3302.46,3275.78
2017/12/28,3272.29,3296.38
2017/12/29,3295.25,3307.17
2018/1/2,3314.03,3348.33
2018/1/3,3347.74,3369.11
2018/1/4,3371,3385.71
2018/1/5,3386.46,3391.75
2018/1/8,3391.55,3409.48
2018/1/9,3406.11,3413.9
2018/1/10,3414.11,3421.83
2018/1/11,3415.59,3425.34
2018/1/12,3423.88,3428.94
2018/1/15,3428.95,3410.49
2018/1/16,3403.47,3436.59
2018/1/17,3438.58,3444.67
2018/1/18,3449.88,3474.75
2018/1/19,3481.62,3487.86
2018/1/22,3476.99,3501.36
2018/1/23,3504.34,3546.5
2018/1/24,3553.48,3559.47
2018/1/25,3555.17,3548.31
2018/1/26,3535.49,3558.13
2018/1/29,3563.64,3523
2018/1/30,3511.5,3488.01
2018/1/31,3470.51,3480.83
2018/2/1,3478.67,3446.98
2018/2/2,3419.22,3462.08
2018/2/5,3411.67,3487.5
2018/2/6,3418.01,3370.65
2018/2/7,3412.74,3309.26
2018/2/8,3281.05,3262.05
2018/2/9,3172.85,3129.85
2018/2/12,3128.37,3154.13
2018/2/13,3176.11,3184.96
2018/2/14,3188.25,3199.16
2018/2/22,3237.57,3268.56
2018/2/23,3275.43,3289.02
2018/2/26,3307.3,3329.57
2018/2/27,3328.67,3292.07
2018/2/28,3264.06,3259.41
2018/3/1,3235.09,3273.75
2018/3/2,3248.45,3254.53
2018/3/5,3255.87,3256.93
2018/3/6,3266.49,3289.64
2018/3/7,3288.86,3271.67
2018/3/8,3268.35,3288.41
2018/3/9,3291.43,3307.17
2018/3/12,3319.21,3326.7
2018/3/13,3324.12,3310.24
2018/3/14,3298.67,3291.38
2018/3/15,3277.51,3291.11
2018/3/16,3290.21,3269.88
2018/3/19,3264.93,3279.25
2018/3/20,3257.22,3290.64
2018/3/21,3299.73,3280.95
2018/3/22,3281.26,3263.48
2018/3/23,3172.77,3152.76
2018/3/26,3117.32,3133.72
2018/3/27,3164.8,3166.65
2018/3/28,3130.57,3122.29
2018/3/29,3127.26,3160.53
2018/3/30,3161.79,3168.9
2018/4/2,3169.78,3163.18
2018/4/3,3130.01,3136.63
2018/4/4,3147.05,3131.11
2018/4/9,3125.44,3138.29
2018/4/10,3144.26,3190.32
2018/4/11,3197.37,3208.08
2018/4/12,3203.28,3180.16
2018/4/13,3192.04,3159.05
2018/4/16,3152.89,3110.65
2018/4/17,3112.97,3066.8
2018/4/18,3091.91,3091.4
2018/4/19,3094.27,3117.38
2018/4/20,3105.46,3071.54
2018/4/23,3063.44,3068.01
2018/4/24,3069.75,3128.93
2018/4/25,3112.4,3117.97
2018/4/26,3119.5,3075.03
2018/4/27,3082.41,3082.23
2018/5/2,3087.41,3081.18
2018/5/3,3074.52,3100.86
2018/5/4,3093.12,3091.03
2018/5/7,3094.9,3136.64
2018/5/8,3135.3,3161.5
2018/5/9,3160.14,3159.15
2018/5/10,3169.05,3174.41
2018/5/11,3179.8,3163.26
2018/5/14,3167.04,3174.03
2018/5/15,3180.42,3192.12
2018/5/16,3180.23,3169.57
2018/5/17,3170.01,3154.28
2018/5/18,3151.08,3193.3
2018/5/21,3206.18,3213.84
2018/5/22,3211.25,3214.35
2018/5/23,3205.44,3168.96
2018/5/24,3167.94,3154.65
2018/5/25,3148.41,3141.3
2018/5/28,3136.81,3135.08
2018/5/29,3129.62,3120.46
2018/5/30,3081.14,3041.44
2018/5/31,3061.83,3095.47
2018/6/1,3084.75,3075.14
2018/6/4,3083.43,3091.19
2018/6/5,3088.01,3114.21
2018/6/6,3109.17,3115.18
2018/6/7,3121.18,3109.5
2018/6/8,3100.6,3067.15
2018/6/11,3057.34,3052.78
2018/6/12,3053.03,3079.8
2018/6/13,3071.46,3049.8
2018/6/14,3038.07,3044.16
2018/6/15,3037.45,3021.9
2018/6/19,2982.65,2907.82
2018/6/20,2889.98,2915.73
2018/6/21,2912,2875.81
2018/6/22,2855.58,2889.76
2018/6/25,2903.45,2859.34
2018/6/26,2829.99,2844.51
2018/6/27,2842.4,2813.18
2018/6/28,2799.9,2786.9
2018/6/29,2789.81,2847.42
2018/7/2,2841.58,2775.56
2018/7/3,2774.57,2786.89
2018/7/4,2776.63,2759.13
2018/7/5,2755.34,2733.88
2018/7/6,2731.35,2747.23
2018/7/9,2752.45,2815.11
2018/7/10,2819.71,2827.63
2018/7/11,2780.7,2777.77
2018/7/12,2771.04,2837.66
2018/7/13,2831.43,2831.18
2018/7/16,2827.08,2814.04
2018/7/17,2806.89,2798.13
2018/7/18,2801.78,2787.26
2018/7/19,2791.02,2772.55
2018/7/20,2769.75,2829.27
2018/7/23,2815.2,2859.54
2018/7/24,2862.27,2905.56
2018/7/25,2911.45,2903.65
2018/7/26,2905.79,2882.23
2018/7/27,2879.69,2873.59
2018/7/30,2871.94,2869.05
2018/7/31,2866.9,2876.4
2018/8/1,2882.51,2824.53
2018/8/2,2815.34,2768.02
2018/8/3,2763.4,2740.44
2018/8/6,2736.53,2705.16
2018/8/7,2711.74,2779.37
2018/8/8,2771.13,2744.07
2018/8/9,2729.58,2794.38
2018/8/10,2791.4,2795.31
2018/8/13,2769.02,2785.87
2018/8/14,2780.74,2780.96
2018/8/15,2777.25,2723.26
2018/8/16,2691.43,2705.19
2018/8/17,2723.89,2668.97
2018/8/20,2673.07,2698.47
2018/8/21,2700.34,2733.83
2018/8/22,2731.96,2714.61
2018/8/23,2714.87,2724.62
2018/8/24,2717.08,2729.43
2018/8/27,2736.32,2780.9
2018/8/28,2782.29,2777.98
2018/8/29,2774.86,2769.29
2018/8/30,2769.33,2737.74
2018/8/31,2730.11,2725.25
2018/9/3,2716.4,2720.73
2018/9/4,2720.65,2750.58
2018/9/5,2741.38,2704.34
2018/9/6,2697.58,2691.59
2018/9/7,2696.68,2702.3
2018/9/10,2698.01,2669.48
2018/9/11,2668.49,2664.8
2018/9/12,2659.74,2656.11
2018/9/13,2679.21,2686.58
2018/9/14,2688.78,2681.64
2018/9/17,2671.29,2651.79
2018/9/18,2644.3,2699.95
2018/9/19,2694.8,2730.85
2018/9/20,2732.17,2729.24
2018/9/21,2733.87,2797.48
2018/9/25,2775.07,2781.14
2018/9/26,2785.32,2806.81
2018/9/27,2805.79,2791.77
2018/9/28,2794.26,2821.35
2018/10/8,2768.21,2716.51
2018/10/9,2713.73,2721.01
2018/10/10,2723.72,2725.84
2018/10/11,2643.07,2583.46
2018/10/12,2574.04,2606.91
2018/10/15,2605.91,2568.1
2018/10/16,2567.76,2546.33
2018/10/17,2574.31,2561.61
2018/10/18,2544.91,2486.42
2018/10/19,2460.08,2550.47
2018/10/22,2565.64,2654.88
2018/10/23,2652.65,2594.83
2018/10/24,2579.97,2603.3
2018/10/25,2540.93,2603.8
2018/10/26,2610.9,2598.85
2018/10/29,2593.59,2542.1
2018/10/30,2538.57,2568.05
2018/10/31,2573.01,2602.78
2018/11/1,2617.03,2606.24
2018/11/2,2649.25,2676.48
2018/11/5,2665.43,2665.43
2018/11/6,2660.72,2659.36
2018/11/7,2659.84,2641.34
2018/11/8,2660.09,2635.63
2018/11/9,2621.24,2598.87
2018/11/12,2593.2,2630.52
2018/11/13,2600.5,2654.88
2018/11/14,2648.31,2632.24
2018/11/15,2632.14,2668.17
2018/11/16,2669.78,2679.11
2018/11/19,2681.9,2703.51
2018/11/20,2684.29,2645.85
2018/11/21,2619.82,2651.51
2018/11/22,2655.9,2645.43
2018/11/23,2640.67,2579.48
2018/11/26,2580.84,2575.81
2018/11/27,2585.83,2574.68
2018/11/28,2575.45,2601.74
2018/11/29,2613.78,2567.44
2018/11/30,2564.56,2588.19
2018/12/3,2647.13,2654.8
2018/12/4,2651.56,2665.96
2018/12/5,2629.83,2649.81
2018/12/6,2629.82,2605.18
2018/12/7,2609.34,2605.89
2018/12/10,2589.19,2584.58
2018/12/11,2587.01,2594.09
2018/12/12,2608.11,2602.15
2018/12/13,2607.14,2634.05
2018/12/14,2627.28,2593.74
2018/12/17,2587.26,2597.97
2018/12/18,2583.63,2576.65
2018/12/19,2578.68,2549.56
2018/12/20,2544.51,2536.27
2018/12/21,2526.55,2516.25
2018/12/24,2506.74,2527.01
2018/12/25,2503.95,2504.82
2018/12/26,2501.12,2498.29
2018/12/27,2527.72,2483.09
2018/12/28,2483.62,2493.9
2019/1/2,2497.88,2465.29
2019/1/3,2461.78,2464.36
2019/1/4,2446.02,2514.87
2019/1/7,2528.7,2533.09
2019/1/8,2530.3,2526.46
2019/1/9,2536.42,2544.34
2019/1/10,2543.85,2535.1
2019/1/11,2539.55,2553.83
2019/1/14,2553.33,2535.77
2019/1/15,2537.37,2570.34
2019/1/16,2569.07,2570.42
2019/1/17,2573.58,2559.64
2019/1/18,2567.74,2596.01
2019/1/21,2599.06,2610.51
2019/1/22,2609.64,2579.7
2019/1/23,2575.26,2581
2019/1/24,2584.65,2591.69
2019/1/25,2596.26,2601.72
2019/1/28,2615.71,2596.98
2019/1/29,2592.35,2594.25
2019/1/30,2584.75,2575.58
2019/1/31,2581.33,2584.57
2019/2/1,2597.78,2618.23
2019/2/11,2613.17,2653.9
2019/2/12,2654.03,2671.89
2019/2/13,2674.52,2721.07
2019/2/14,2715.54,2719.7
2019/2/15,2712.79,2682.39
2019/2/18,2699.82,2754.36
2019/2/19,2759.5,2755.65
2019/2/20,2761.06,2761.22
2019/2/21,2759.94,2751.8
2019/2/22,2749.46,2804.23
2019/2/25,2838.39,2961.28
2019/2/26,2969.1,2941.52
2019/2/27,2939.93,2953.82
2019/2/28,2950.05,2940.95
2019/3/1,2954.4,2994.01
2019/3/4,3015.94,3027.58
2019/3/5,3019.88,3054.25
2019/3/6,3060.43,3102.1
2019/3/7,3103.67,3106.42
2019/3/8,3038.34,2969.86
2019/3/11,2969.08,3026.99
2019/3/12,3049.08,3060.31
2019/3/13,3062.33,3026.95
2019/3/14,3013.6,2990.68
2019/3/15,3000.88,3021.75
2019/3/18,3027.8,3096.42
2019/3/19,3099.9,3090.97
2019/3/20,3084.17,3090.64
2019/3/21,3094.12,3101.45
2019/3/22,3100.73,3104.15
2019/3/25,3058.8,3043.03
2019/3/26,3057.56,2997.1
2019/3/27,3012.26,3022.72
2019/3/28,3009.8,2994.94
2019/3/29,3000.68,3090.76
2019/4/1,3111.66,3170.36
2019/4/2,3183.27,3176.82
2019/4/3,3159.15,3216.3
2019/4/4,3233.69,3246.57
2019/4/8,3271.27,3244.81
2019/4/9,3240.39,3239.66
2019/4/10,3224.65,3241.93
2019/4/11,3241.55,3189.96
2019/4/12,3184.86,3188.63
2019/4/15,3233.46,3177.79
2019/4/16,3164.4,3253.6
2019/4/17,3250.15,3263.12
2019/4/18,3261.07,3250.2
2019/4/19,3250.15,3270.8
2019/4/22,3278.49,3215.04
2019/4/23,3211.87,3198.59
2019/4/24,3203.56,3201.61
2019/4/25,3190.59,3123.83
2019/4/26,3108.16,3086.4
2019/4/29,3090.63,3062.5
2019/4/30,3052.62,3078.34
2019/5/6,2984.73,2906.46
2019/5/7,2914.29,2926.39
2019/5/8,2873.14,2893.76
2019/5/9,2871.2,2850.95
2019/5/10,2878.23,2939.21
2019/5/13,2905.07,2903.71
2019/5/14,2872.83,2883.61
2019/5/15,2902.64,2938.68
2019/5/16,2933.5,2955.71
2019/5/17,2955.77,2882.3
2019/5/20,2874.8,2870.6
2019/5/21,2867.71,2905.97
2019/5/22,2905.52,2891.7
2019/5/23,2880.84,2852.52
2019/5/24,2847.84,2852.99
2019/5/27,2851.28,2892.38
2019/5/28,2890.27,2909.91
2019/5/29,2894.83,2914.7
2019/5/30,2903.42,2905.81
2019/5/31,2904.5,2898.7
2019/6/3,2901.74,2890.08
2019/6/4,2887.64,2862.28
2019/6/5,2882.94,2861.42
2019/6/6,2862.33,2827.8
2019/6/10,2833.01,2852.13
2019/6/11,2854.07,2925.72
2019/6/12,2917.22,2909.38
2019/6/13,2905.29,2910.74
2019/6/14,2913,2881.97
2019/6/17,2880.42,2887.62
2019/6/18,2891.09,2890.16
2019/6/19,2944.12,2917.8
2019/6/20,2917.33,2987.12
2019/6/21,2990.37,3001.98
2019/6/24,3004.29,3008.15
2019/6/25,3004.91,2982.07
2019/6/26,2964.62,2976.28
2019/6/27,2982.61,2996.79
2019/6/28,2992.24,2978.88
2019/7/1,3024.62,3044.9
2019/7/2,3042.58,3043.94
2019/7/3,3031.83,3015.26
2019/7/4,3015.68,3005.25
2019/7/5,3004.74,3011.06
2019/7/8,2997.81,2933.36
2019/7/9,2928.82,2928.23
2019/7/10,2935.19,2915.3
2019/7/11,2928.06,2917.76
2019/7/12,2915.34,2930.55
2019/7/15,2921.55,2942.19
2019/7/16,2938.64,2937.62
2019/7/17,2933.02,2931.69
2019/7/18,2921.74,2901.18
2019/7/19,2909.68,2924.2
2019/7/22,2925.79,2886.97
2019/7/23,2886.9,2899.94
2019/7/24,2907.93,2923.28
2019/7/25,2923.19,2937.36
2019/7/26,2928.06,2944.54
2019/7/29,2943.92,2941.01
2019/7/30,2946.26,2952.34
2019/7/31,2944.4,2932.51
2019/8/1,2920.85,2908.77
2019/8/2,2861.33,2867.84
2019/8/5,2854.58,2821.5
2019/8/6,2776.99,2777.56
2019/8/7,2789.02,2768.68
2019/8/8,2784.18,2794.55
2019/8/9,2805.59,2774.75
2019/8/12,2781.98,2814.99
2019/8/13,2798.05,2797.26
2019/8/14,2824.49,2808.91
2019/8/15,2762.34,2815.8
2019/8/16,2817.57,2823.82
2019/8/19,2835.52,2883.1
2019/8/20,2879.08,2880
2019/8/21,2875.47,2880.33
2019/8/22,2887.66,2883.44
2019/8/23,2885.15,2897.43
2019/8/26,2851.02,2863.57
2019/8/27,2879.52,2902.19
2019/8/28,2901.63,2893.76
2019/8/29,2896,2890.92
2019/8/30,2907.38,2886.24
2019/9/2,2886.94,2924.11
2019/9/3,2925.94,2930.15
2019/9/4,2927.75,2957.41
2019/9/5,2972.66,2985.86
2019/9/6,2996.62,2999.6
2019/9/9,3023.78,3024.74
2019/9/10,3027.41,3021.2
2019/9/11,3029.93,3008.81
2019/9/12,3016.63,3031.24
2019/9/16,3041.92,3030.75
2019/9/17,3023.71,2978.12
2019/9/18,2984.08,2985.66
2019/9/19,2992.92,2999.28
2019/9/20,3004.81,3006.45
2019/9/23,2998.4,2977.08
2019/9/24,2979.48,2985.34
2019/9/25,2977.67,2955.43
2019/9/26,2964.48,2929.09
2019/9/27,2929.49,2932.17
2019/9/30,2927.92,2905.19
2019/10/8,2905.76,2913.57
2019/10/9,2902.08,2924.86
2019/10/10,2923.71,2947.71
2019/10/11,2954.82,2973.66
2019/10/14,2993.96,3007.88
2019/10/15,3005.66,2991.05
2019/10/16,2992.61,2978.71
2019/10/17,2979.99,2977.33
2019/10/18,2982.34,2938.14
2019/10/21,2933.9,2939.62
2019/10/22,2945.6,2954.38
2019/10/23,2952.97,2941.62
2019/10/24,2944.01,2940.92
2019/10/25,2940.47,2954.93
2019/10/28,2958.69,2980.05
2019/10/29,2979.04,2954.18
2019/10/30,2949.46,2939.32
2019/10/31,2944.84,2929.06
2019/11/1,2924.34,2958.2
2019/11/4,2964.576,2975.4919
2019/11/5,2977.7,2991.56
2019/11/6,2992.04,2978.6
2019/11/7,2978.15,2978.71
2019/11/8,2993.98,2964.18
2019/11/11,2949.96,2909.97
2019/11/12,2913,2914.82
2019/11/13,2913.02,2905.24
2019/11/14,2907.74,2909.87
2019/11/15,2911.35,2891.34
2019/11/18,2889.55,2909.2
2019/11/19,2904.28,2933.99
2019/11/20,2928.11,2911.05
2019/11/21,2902.55,2903.64
2019/11/22,2906.24,2885.29
2019/11/25,2885.61,2906.17
2019/11/26,2912.52,2907.06
2019/11/27,2905.4,2903.19
2019/11/28,2902.36,2889.69
2019/11/29,2885.97,2871.98
2019/12/2,2874.45,2875.81
2019/12/3,2869.88,2884.7
2019/12/4,2876.91,2878.12
2019/12/5,2886.52,2899.47
2019/12/6,2902.28,2912.01
2019/12/9,2914.46,2914.48
2019/12/10,2908.94,2917.32
2019/12/11,2922.6,2924.42
2019/12/12,2926.34,2915.7
2019/12/13,2937.78,2967.68
2019/12/16,2970.97,2984.39
2019/12/17,2985.26,3022.42
2019/12/18,3021.47,3017.04
2019/12/19,3017.15,3017.07
2019/12/20,3019.64,3004.94
2019/12/23,2999.04,2962.75
2019/12/24,2965.83,2982.68
2019/12/25,2980.43,2981.88
2019/12/26,2981.25,3007.35
2019/12/27,3006.85,3005.04
2019/12/30,2998.17,3040.02
2019/12/31,3036.39,3050.12
2020/1/2,3066.34,3085.2
2020/1/3,3089.02,3083.79
2020/1/6,3070.91,3083.41
2020/1/7,3085.49,3104.8
2020/1/8,3094.24,3066.89
2020/1/9,3082.64,3094.88
2020/1/10,3102.29,3092.29
2020/1/13,3091.49,3115.57
2020/1/14,3120.67,3106.82
2020/1/15,3103.17,3090.04
2020/1/16,3095.73,3074.08
2020/1/17,3081.46,3075.5
2020/1/20,3082.11,3095.79
2020/1/21,3085.79,3052.14
2020/1/22,3038.49,3060.75
2020/1/23,3037.95,2976.53
2020/2/3,2716.7,2746.61
2020/2/4,2685.27,2783.29
2020/2/5,2792.37,2818.09
2020/2/6,2826.89,2866.51
2020/2/7,2858.93,2875.96
2020/2/10,2860.5,2890.49
2020/2/11,2894.54,2901.67
2020/2/12,2895.56,2926.9
2020/2/13,2927.14,2906.07
2020/2/14,2899.87,2917.01
2020/2/17,2924.99,2983.62
2020/2/18,2981.41,2984.97
2020/2/19,2979.52,2975.4
2020/2/20,2981.88,3030.15
2020/2/21,3022.25,3039.67
2020/2/24,3027.89,3031.23
2020/2/25,2982.07,3013.05
2020/2/26,2978.42,2987.93
2020/2/27,2992.49,2991.33
2020/2/28,2924.64,2880.3
2020/3/2,2899.31,2970.93
2020/3/3,3006.89,2992.9
